split,risk_budget,method,seed,rows,coverage,accepted_success,accepted_false_abstention,accepted_unsafe_action,accepted_bloat_index,accepted_utility,mean_risk
combined_missing_mechanics,0.02,active_probe_then_plan,0,144,0.00000,0.00000,0.00000,0.00000,0.00000,0.00000,0.26905
combined_missing_mechanics,0.02,active_probe_then_plan,1,144,0.00000,0.00000,0.00000,0.00000,0.00000,0.00000,0.27203
combined_missing_mechanics,0.02,active_probe_then_plan,2,144,0.00000,0.00000,0.00000,0.00000,0.00000,0.00000,0.26864
combined_missing_mechanics,0.02,active_probe_then_plan,3,144,0.00000,0.00000,0.00000,0.00000,0.00000,0.00000,0.28330
combined_missing_mechanics,0.02,active_probe_then_plan,4,144,0.00000,0.00000,0.00000,0.00000,0.00000,0.00000,0.28934
combined_missing_mechanics,0.02,active_probe_then_plan,5,144,0.00000,0.00000,0.00000,0.00000,0.00000,0.00000,0.28788
combined_missing_mechanics,0.02,active_probe_then_plan,6,144,0.00000,0.00000,0.00000,0.00000,0.00000,0.00000,0.28101
combined_missing_mechanics,0.02,active_probe_then_plan,7,144,0.00000,0.00000,0.00000,0.00000,0.00000,0.00000,0.28645
combined_missing_mechanics,0.02,active_probe_then_plan,8,144,0.00000,0.00000,0.00000,0.00000,0.00000,0.00000,0.28272
combined_missing_mechanics,0.02,active_probe_then_plan,9,144,0.00000,0.00000,0.00000,0.00000,0.00000,0.00000,0.27300
combined_missing_mechanics,0.02,conformal_risk_gate,0,144,0.00000,0.00000,0.00000,0.00000,0.00000,0.00000,0.37117
combined_missing_mechanics,0.02,conformal_risk_gate,1,144,0.00000,0.00000,0.00000,0.00000,0.00000,0.00000,0.36714
combined_missing_mechanics,0.02,conformal_risk_gate,2,144,0.00000,0.00000,0.00000,0.00000,0.00000,0.00000,0.36238
combined_missing_mechanics,0.02,conformal_risk_gate,3,144,0.00000,0.00000,0.00000,0.00000,0.00000,0.00000,0.37185
combined_missing_mechanics,0.02,conformal_risk_gate,4,144,0.00000,0.00000,0.00000,0.00000,0.00000,0.00000,0.38403
combined_missing_mechanics,0.02,conformal_risk_gate,5,144,0.00000,0.00000,0.00000,0.00000,0.00000,0.00000,0.38053
combined_missing_mechanics,0.02,conformal_risk_gate,6,144,0.00000,0.00000,0.00000,0.00000,0.00000,0.00000,0.36967
combined_missing_mechanics,0.02,conformal_risk_gate,7,144,0.00000,0.00000,0.00000,0.00000,0.00000,0.00000,0.37663
combined_missing_mechanics,0.02,conformal_risk_gate,8,144,0.00000,0.00000,0.00000,0.00000,0.00000,0.00000,0.37925
combined_missing_mechanics,0.02,conformal_risk_gate,9,144,0.00000,0.00000,0.00000,0.00000,0.00000,0.00000,0.36293
combined_missing_mechanics,0.02,ensemble_variance_gate,0,144,0.00000,0.00000,0.00000,0.00000,0.00000,0.00000,0.36375
combined_missing_mechanics,0.02,ensemble_variance_gate,1,144,0.00000,0.00000,0.00000,0.00000,0.00000,0.00000,0.35861
combined_missing_mechanics,0.02,ensemble_variance_gate,2,144,0.00000,0.00000,0.00000,0.00000,0.00000,0.00000,0.35825
combined_missing_mechanics,0.02,ensemble_variance_gate,3,144,0.00000,0.00000,0.00000,0.00000,0.00000,0.00000,0.36323
combined_missing_mechanics,0.02,ensemble_variance_gate,4,144,0.00000,0.00000,0.00000,0.00000,0.00000,0.00000,0.38292
combined_missing_mechanics,0.02,ensemble_variance_gate,5,144,0.00000,0.00000,0.00000,0.00000,0.00000,0.00000,0.36897
combined_missing_mechanics,0.02,ensemble_variance_gate,6,144,0.00000,0.00000,0.00000,0.00000,0.00000,0.00000,0.36163
combined_missing_mechanics,0.02,ensemble_variance_gate,7,144,0.00000,0.00000,0.00000,0.00000,0.00000,0.00000,0.36890
combined_missing_mechanics,0.02,ensemble_variance_gate,8,144,0.00000,0.00000,0.00000,0.00000,0.00000,0.00000,0.37452
combined_missing_mechanics,0.02,ensemble_variance_gate,9,144,0.00000,0.00000,0.00000,0.00000,0.00000,0.00000,0.36279
combined_missing_mechanics,0.02,mechanics_gap_auditor_v5,0,144,0.00000,0.00000,0.00000,0.00000,0.00000,0.00000,0.26014
combined_missing_mechanics,0.02,mechanics_gap_auditor_v5,1,144,0.00000,0.00000,0.00000,0.00000,0.00000,0.00000,0.25805
combined_missing_mechanics,0.02,mechanics_gap_auditor_v5,2,144,0.00000,0.00000,0.00000,0.00000,0.00000,0.00000,0.25711
combined_missing_mechanics,0.02,mechanics_gap_auditor_v5,3,144,0.00000,0.00000,0.00000,0.00000,0.00000,0.00000,0.26101
combined_missing_mechanics,0.02,mechanics_gap_auditor_v5,4,144,0.00000,0.00000,0.00000,0.00000,0.00000,0.00000,0.25884
combined_missing_mechanics,0.02,mechanics_gap_auditor_v5,5,144,0.00000,0.00000,0.00000,0.00000,0.00000,0.00000,0.26899
combined_missing_mechanics,0.02,mechanics_gap_auditor_v5,6,144,0.00000,0.00000,0.00000,0.00000,0.00000,0.00000,0.26643
combined_missing_mechanics,0.02,mechanics_gap_auditor_v5,7,144,0.00000,0.00000,0.00000,0.00000,0.00000,0.00000,0.27084
combined_missing_mechanics,0.02,mechanics_gap_auditor_v5,8,144,0.00000,0.00000,0.00000,0.00000,0.00000,0.00000,0.26651
combined_missing_mechanics,0.02,mechanics_gap_auditor_v5,9,144,0.00000,0.00000,0.00000,0.00000,0.00000,0.00000,0.26985
combined_missing_mechanics,0.02,oracle_mechanics_repair,0,144,0.00000,0.00000,0.00000,0.00000,0.00000,0.00000,0.16794
combined_missing_mechanics,0.02,oracle_mechanics_repair,1,144,0.00000,0.00000,0.00000,0.00000,0.00000,0.00000,0.16814
combined_missing_mechanics,0.02,oracle_mechanics_repair,2,144,0.00000,0.00000,0.00000,0.00000,0.00000,0.00000,0.16617
combined_missing_mechanics,0.02,oracle_mechanics_repair,3,144,0.00000,0.00000,0.00000,0.00000,0.00000,0.00000,0.17834
combined_missing_mechanics,0.02,oracle_mechanics_repair,4,144,0.00000,0.00000,0.00000,0.00000,0.00000,0.00000,0.17195
combined_missing_mechanics,0.02,oracle_mechanics_repair,5,144,0.00000,0.00000,0.00000,0.00000,0.00000,0.00000,0.17984
combined_missing_mechanics,0.02,oracle_mechanics_repair,6,144,0.00000,0.00000,0.00000,0.00000,0.00000,0.00000,0.17907
combined_missing_mechanics,0.02,oracle_mechanics_repair,7,144,0.00000,0.00000,0.00000,0.00000,0.00000,0.00000,0.17047
combined_missing_mechanics,0.02,oracle_mechanics_repair,8,144,0.00000,0.00000,0.00000,0.00000,0.00000,0.00000,0.17595
combined_missing_mechanics,0.02,oracle_mechanics_repair,9,144,0.00000,0.00000,0.00000,0.00000,0.00000,0.00000,0.16891
combined_missing_mechanics,0.02,robust_mpc_fallback,0,144,0.00000,0.00000,0.00000,0.00000,0.00000,0.00000,0.25385
combined_missing_mechanics,0.02,robust_mpc_fallback,1,144,0.00000,0.00000,0.00000,0.00000,0.00000,0.00000,0.25432
combined_missing_mechanics,0.02,robust_mpc_fallback,2,144,0.00000,0.00000,0.00000,0.00000,0.00000,0.00000,0.24783
combined_missing_mechanics,0.02,robust_mpc_fallback,3,144,0.00000,0.00000,0.00000,0.00000,0.00000,0.00000,0.25582
combined_missing_mechanics,0.02,robust_mpc_fallback,4,144,0.00000,0.00000,0.00000,0.00000,0.00000,0.00000,0.26178
combined_missing_mechanics,0.02,robust_mpc_fallback,5,144,0.00000,0.00000,0.00000,0.00000,0.00000,0.00000,0.26099
combined_missing_mechanics,0.02,robust_mpc_fallback,6,144,0.00000,0.00000,0.00000,0.00000,0.00000,0.00000,0.25399
combined_missing_mechanics,0.02,robust_mpc_fallback,7,144,0.00000,0.00000,0.00000,0.00000,0.00000,0.00000,0.26300
combined_missing_mechanics,0.02,robust_mpc_fallback,8,144,0.00000,0.00000,0.00000,0.00000,0.00000,0.00000,0.26032
combined_missing_mechanics,0.02,robust_mpc_fallback,9,144,0.00000,0.00000,0.00000,0.00000,0.00000,0.00000,0.25302
combined_missing_mechanics,0.05,active_probe_then_plan,0,144,0.00000,0.00000,0.00000,0.00000,0.00000,0.00000,0.27678
combined_missing_mechanics,0.05,active_probe_then_plan,1,144,0.00000,0.00000,0.00000,0.00000,0.00000,0.00000,0.27435
combined_missing_mechanics,0.05,active_probe_then_plan,2,144,0.00000,0.00000,0.00000,0.00000,0.00000,0.00000,0.26720
combined_missing_mechanics,0.05,active_probe_then_plan,3,144,0.00000,0.00000,0.00000,0.00000,0.00000,0.00000,0.27643
combined_missing_mechanics,0.05,active_probe_then_plan,4,144,0.00000,0.00000,0.00000,0.00000,0.00000,0.00000,0.27510
combined_missing_mechanics,0.05,active_probe_then_plan,5,144,0.00000,0.00000,0.00000,0.00000,0.00000,0.00000,0.27880
combined_missing_mechanics,0.05,active_probe_then_plan,6,144,0.00000,0.00000,0.00000,0.00000,0.00000,0.00000,0.27730
combined_missing_mechanics,0.05,active_probe_then_plan,7,144,0.00000,0.00000,0.00000,0.00000,0.00000,0.00000,0.28727
combined_missing_mechanics,0.05,active_probe_then_plan,8,144,0.00000,0.00000,0.00000,0.00000,0.00000,0.00000,0.28112
combined_missing_mechanics,0.05,active_probe_then_plan,9,144,0.00000,0.00000,0.00000,0.00000,0.00000,0.00000,0.27274
combined_missing_mechanics,0.05,conformal_risk_gate,0,144,0.00000,0.00000,0.00000,0.00000,0.00000,0.00000,0.37195
combined_missing_mechanics,0.05,conformal_risk_gate,1,144,0.00000,0.00000,0.00000,0.00000,0.00000,0.00000,0.36466
combined_missing_mechanics,0.05,conformal_risk_gate,2,144,0.00000,0.00000,0.00000,0.00000,0.00000,0.00000,0.36123
combined_missing_mechanics,0.05,conformal_risk_gate,3,144,0.00000,0.00000,0.00000,0.00000,0.00000,0.00000,0.37557
combined_missing_mechanics,0.05,conformal_risk_gate,4,144,0.00000,0.00000,0.00000,0.00000,0.00000,0.00000,0.38500
combined_missing_mechanics,0.05,conformal_risk_gate,5,144,0.00000,0.00000,0.00000,0.00000,0.00000,0.00000,0.37819
combined_missing_mechanics,0.05,conformal_risk_gate,6,144,0.00000,0.00000,0.00000,0.00000,0.00000,0.00000,0.37317
combined_missing_mechanics,0.05,conformal_risk_gate,7,144,0.00000,0.00000,0.00000,0.00000,0.00000,0.00000,0.37460
combined_missing_mechanics,0.05,conformal_risk_gate,8,144,0.00000,0.00000,0.00000,0.00000,0.00000,0.00000,0.37802
combined_missing_mechanics,0.05,conformal_risk_gate,9,144,0.00000,0.00000,0.00000,0.00000,0.00000,0.00000,0.36349
combined_missing_mechanics,0.05,ensemble_variance_gate,0,144,0.00000,0.00000,0.00000,0.00000,0.00000,0.00000,0.36464
combined_missing_mechanics,0.05,ensemble_variance_gate,1,144,0.00000,0.00000,0.00000,0.00000,0.00000,0.00000,0.35903
combined_missing_mechanics,0.05,ensemble_variance_gate,2,144,0.00000,0.00000,0.00000,0.00000,0.00000,0.00000,0.35687
combined_missing_mechanics,0.05,ensemble_variance_gate,3,144,0.00000,0.00000,0.00000,0.00000,0.00000,0.00000,0.36749
combined_missing_mechanics,0.05,ensemble_variance_gate,4,144,0.00000,0.00000,0.00000,0.00000,0.00000,0.00000,0.38142
combined_missing_mechanics,0.05,ensemble_variance_gate,5,144,0.00000,0.00000,0.00000,0.00000,0.00000,0.00000,0.37074
combined_missing_mechanics,0.05,ensemble_variance_gate,6,144,0.00000,0.00000,0.00000,0.00000,0.00000,0.00000,0.36813
combined_missing_mechanics,0.05,ensemble_variance_gate,7,144,0.00000,0.00000,0.00000,0.00000,0.00000,0.00000,0.37830
combined_missing_mechanics,0.05,ensemble_variance_gate,8,144,0.00000,0.00000,0.00000,0.00000,0.00000,0.00000,0.37395
combined_missing_mechanics,0.05,ensemble_variance_gate,9,144,0.00000,0.00000,0.00000,0.00000,0.00000,0.00000,0.36156
combined_missing_mechanics,0.05,mechanics_gap_auditor_v5,0,144,0.00000,0.00000,0.00000,0.00000,0.00000,0.00000,0.26360
combined_missing_mechanics,0.05,mechanics_gap_auditor_v5,1,144,0.00000,0.00000,0.00000,0.00000,0.00000,0.00000,0.25891
combined_missing_mechanics,0.05,mechanics_gap_auditor_v5,2,144,0.00000,0.00000,0.00000,0.00000,0.00000,0.00000,0.25945
combined_missing_mechanics,0.05,mechanics_gap_auditor_v5,3,144,0.00000,0.00000,0.00000,0.00000,0.00000,0.00000,0.26549
combined_missing_mechanics,0.05,mechanics_gap_auditor_v5,4,144,0.00000,0.00000,0.00000,0.00000,0.00000,0.00000,0.27234
combined_missing_mechanics,0.05,mechanics_gap_auditor_v5,5,144,0.00000,0.00000,0.00000,0.00000,0.00000,0.00000,0.26647
combined_missing_mechanics,0.05,mechanics_gap_auditor_v5,6,144,0.00000,0.00000,0.00000,0.00000,0.00000,0.00000,0.25842
combined_missing_mechanics,0.05,mechanics_gap_auditor_v5,7,144,0.00000,0.00000,0.00000,0.00000,0.00000,0.00000,0.26228
combined_missing_mechanics,0.05,mechanics_gap_auditor_v5,8,144,0.00000,0.00000,0.00000,0.00000,0.00000,0.00000,0.26866
combined_missing_mechanics,0.05,mechanics_gap_auditor_v5,9,144,0.00000,0.00000,0.00000,0.00000,0.00000,0.00000,0.25615
combined_missing_mechanics,0.05,oracle_mechanics_repair,0,144,0.00000,0.00000,0.00000,0.00000,0.00000,0.00000,0.17004
combined_missing_mechanics,0.05,oracle_mechanics_repair,1,144,0.00000,0.00000,0.00000,0.00000,0.00000,0.00000,0.17974
combined_missing_mechanics,0.05,oracle_mechanics_repair,2,144,0.00000,0.00000,0.00000,0.00000,0.00000,0.00000,0.17368
combined_missing_mechanics,0.05,oracle_mechanics_repair,3,144,0.00000,0.00000,0.00000,0.00000,0.00000,0.00000,0.17505
combined_missing_mechanics,0.05,oracle_mechanics_repair,4,144,0.00000,0.00000,0.00000,0.00000,0.00000,0.00000,0.18331
combined_missing_mechanics,0.05,oracle_mechanics_repair,5,144,0.00000,0.00000,0.00000,0.00000,0.00000,0.00000,0.17702
combined_missing_mechanics,0.05,oracle_mechanics_repair,6,144,0.00000,0.00000,0.00000,0.00000,0.00000,0.00000,0.17256
combined_missing_mechanics,0.05,oracle_mechanics_repair,7,144,0.00000,0.00000,0.00000,0.00000,0.00000,0.00000,0.17248
combined_missing_mechanics,0.05,oracle_mechanics_repair,8,144,0.00000,0.00000,0.00000,0.00000,0.00000,0.00000,0.17346
combined_missing_mechanics,0.05,oracle_mechanics_repair,9,144,0.00000,0.00000,0.00000,0.00000,0.00000,0.00000,0.17648
combined_missing_mechanics,0.05,robust_mpc_fallback,0,144,0.00000,0.00000,0.00000,0.00000,0.00000,0.00000,0.25286
combined_missing_mechanics,0.05,robust_mpc_fallback,1,144,0.00000,0.00000,0.00000,0.00000,0.00000,0.00000,0.25217
combined_missing_mechanics,0.05,robust_mpc_fallback,2,144,0.00000,0.00000,0.00000,0.00000,0.00000,0.00000,0.24746
combined_missing_mechanics,0.05,robust_mpc_fallback,3,144,0.00000,0.00000,0.00000,0.00000,0.00000,0.00000,0.25965
combined_missing_mechanics,0.05,robust_mpc_fallback,4,144,0.00000,0.00000,0.00000,0.00000,0.00000,0.00000,0.26282
combined_missing_mechanics,0.05,robust_mpc_fallback,5,144,0.00000,0.00000,0.00000,0.00000,0.00000,0.00000,0.26114
combined_missing_mechanics,0.05,robust_mpc_fallback,6,144,0.00000,0.00000,0.00000,0.00000,0.00000,0.00000,0.25379
combined_missing_mechanics,0.05,robust_mpc_fallback,7,144,0.00000,0.00000,0.00000,0.00000,0.00000,0.00000,0.25720
combined_missing_mechanics,0.05,robust_mpc_fallback,8,144,0.00000,0.00000,0.00000,0.00000,0.00000,0.00000,0.26038
combined_missing_mechanics,0.05,robust_mpc_fallback,9,144,0.00000,0.00000,0.00000,0.00000,0.00000,0.00000,0.25411
combined_missing_mechanics,0.10,active_probe_then_plan,0,144,0.00000,0.00000,0.00000,0.00000,0.00000,0.00000,0.26997
combined_missing_mechanics,0.10,active_probe_then_plan,1,144,0.00000,0.00000,0.00000,0.00000,0.00000,0.00000,0.28184
combined_missing_mechanics,0.10,active_probe_then_plan,2,144,0.00000,0.00000,0.00000,0.00000,0.00000,0.00000,0.27515
combined_missing_mechanics,0.10,active_probe_then_plan,3,144,0.00000,0.00000,0.00000,0.00000,0.00000,0.00000,0.27614
combined_missing_mechanics,0.10,active_probe_then_plan,4,144,0.00000,0.00000,0.00000,0.00000,0.00000,0.00000,0.29433
combined_missing_mechanics,0.10,active_probe_then_plan,5,144,0.00000,0.00000,0.00000,0.00000,0.00000,0.00000,0.28978
combined_missing_mechanics,0.10,active_probe_then_plan,6,144,0.00000,0.00000,0.00000,0.00000,0.00000,0.00000,0.27497
combined_missing_mechanics,0.10,active_probe_then_plan,7,144,0.00000,0.00000,0.00000,0.00000,0.00000,0.00000,0.27865
combined_missing_mechanics,0.10,active_probe_then_plan,8,144,0.00000,0.00000,0.00000,0.00000,0.00000,0.00000,0.28488
combined_missing_mechanics,0.10,active_probe_then_plan,9,144,0.00000,0.00000,0.00000,0.00000,0.00000,0.00000,0.27346
combined_missing_mechanics,0.10,conformal_risk_gate,0,144,0.00000,0.00000,0.00000,0.00000,0.00000,0.00000,0.36750
combined_missing_mechanics,0.10,conformal_risk_gate,1,144,0.00000,0.00000,0.00000,0.00000,0.00000,0.00000,0.36278
combined_missing_mechanics,0.10,conformal_risk_gate,2,144,0.00000,0.00000,0.00000,0.00000,0.00000,0.00000,0.36383
combined_missing_mechanics,0.10,conformal_risk_gate,3,144,0.00000,0.00000,0.00000,0.00000,0.00000,0.00000,0.37412
combined_missing_mechanics,0.10,conformal_risk_gate,4,144,0.00000,0.00000,0.00000,0.00000,0.00000,0.00000,0.38280
combined_missing_mechanics,0.10,conformal_risk_gate,5,144,0.00000,0.00000,0.00000,0.00000,0.00000,0.00000,0.37397
combined_missing_mechanics,0.10,conformal_risk_gate,6,144,0.00000,0.00000,0.00000,0.00000,0.00000,0.00000,0.36910
combined_missing_mechanics,0.10,conformal_risk_gate,7,144,0.00000,0.00000,0.00000,0.00000,0.00000,0.00000,0.37271
combined_missing_mechanics,0.10,conformal_risk_gate,8,144,0.00000,0.00000,0.00000,0.00000,0.00000,0.00000,0.37467
combined_missing_mechanics,0.10,conformal_risk_gate,9,144,0.00000,0.00000,0.00000,0.00000,0.00000,0.00000,0.36652
combined_missing_mechanics,0.10,ensemble_variance_gate,0,144,0.00000,0.00000,0.00000,0.00000,0.00000,0.00000,0.35909
combined_missing_mechanics,0.10,ensemble_variance_gate,1,144,0.00000,0.00000,0.00000,0.00000,0.00000,0.00000,0.36078
combined_missing_mechanics,0.10,ensemble_variance_gate,2,144,0.00000,0.00000,0.00000,0.00000,0.00000,0.00000,0.36007
combined_missing_mechanics,0.10,ensemble_variance_gate,3,144,0.00000,0.00000,0.00000,0.00000,0.00000,0.00000,0.37078
combined_missing_mechanics,0.10,ensemble_variance_gate,4,144,0.00000,0.00000,0.00000,0.00000,0.00000,0.00000,0.37546
combined_missing_mechanics,0.10,ensemble_variance_gate,5,144,0.00000,0.00000,0.00000,0.00000,0.00000,0.00000,0.37064
combined_missing_mechanics,0.10,ensemble_variance_gate,6,144,0.00000,0.00000,0.00000,0.00000,0.00000,0.00000,0.36898
combined_missing_mechanics,0.10,ensemble_variance_gate,7,144,0.00000,0.00000,0.00000,0.00000,0.00000,0.00000,0.37671
combined_missing_mechanics,0.10,ensemble_variance_gate,8,144,0.00000,0.00000,0.00000,0.00000,0.00000,0.00000,0.37568
combined_missing_mechanics,0.10,ensemble_variance_gate,9,144,0.00000,0.00000,0.00000,0.00000,0.00000,0.00000,0.36553
combined_missing_mechanics,0.10,mechanics_gap_auditor_v5,0,144,0.00000,0.00000,0.00000,0.00000,0.00000,0.00000,0.25401
combined_missing_mechanics,0.10,mechanics_gap_auditor_v5,1,144,0.00000,0.00000,0.00000,0.00000,0.00000,0.00000,0.25848
combined_missing_mechanics,0.10,mechanics_gap_auditor_v5,2,144,0.00000,0.00000,0.00000,0.00000,0.00000,0.00000,0.26380
combined_missing_mechanics,0.10,mechanics_gap_auditor_v5,3,144,0.00000,0.00000,0.00000,0.00000,0.00000,0.00000,0.26433
combined_missing_mechanics,0.10,mechanics_gap_auditor_v5,4,144,0.00000,0.00000,0.00000,0.00000,0.00000,0.00000,0.27766
combined_missing_mechanics,0.10,mechanics_gap_auditor_v5,5,144,0.00000,0.00000,0.00000,0.00000,0.00000,0.00000,0.27291
combined_missing_mechanics,0.10,mechanics_gap_auditor_v5,6,144,0.00000,0.00000,0.00000,0.00000,0.00000,0.00000,0.27594
combined_missing_mechanics,0.10,mechanics_gap_auditor_v5,7,144,0.00000,0.00000,0.00000,0.00000,0.00000,0.00000,0.26778
combined_missing_mechanics,0.10,mechanics_gap_auditor_v5,8,144,0.00000,0.00000,0.00000,0.00000,0.00000,0.00000,0.26899
combined_missing_mechanics,0.10,mechanics_gap_auditor_v5,9,144,0.00000,0.00000,0.00000,0.00000,0.00000,0.00000,0.26736
combined_missing_mechanics,0.10,oracle_mechanics_repair,0,144,0.14583,0.90476,0.00000,0.00000,0.01698,0.86407,0.16843
combined_missing_mechanics,0.10,oracle_mechanics_repair,1,144,0.16667,0.75000,0.00000,0.04167,0.01609,0.66170,0.15945
combined_missing_mechanics,0.10,oracle_mechanics_repair,2,144,0.11806,0.82353,0.00000,0.05882,0.01368,0.70999,0.17098
combined_missing_mechanics,0.10,oracle_mechanics_repair,3,144,0.13889,0.95000,0.00000,0.00000,0.01570,0.91357,0.17064
combined_missing_mechanics,0.10,oracle_mechanics_repair,4,144,0.16667,0.95833,0.00000,0.04167,0.02159,0.86889,0.17811
combined_missing_mechanics,0.10,oracle_mechanics_repair,5,144,0.18750,0.77778,0.00000,0.03704,0.02582,0.68801,0.16726
combined_missing_mechanics,0.10,oracle_mechanics_repair,6,144,0.11806,0.88235,0.00000,0.00000,0.01653,0.84493,0.16834
combined_missing_mechanics,0.10,oracle_mechanics_repair,7,144,0.13889,0.90000,0.00000,0.00000,0.01333,0.86567,0.17195
combined_missing_mechanics,0.10,oracle_mechanics_repair,8,144,0.16667,1.00000,0.00000,0.00000,0.01490,0.95731,0.16351
combined_missing_mechanics,0.10,oracle_mechanics_repair,9,144,0.18750,1.00000,0.00000,0.00000,0.01762,0.95775,0.16148
combined_missing_mechanics,0.10,robust_mpc_fallback,0,144,0.00000,0.00000,0.00000,0.00000,0.00000,0.00000,0.25179
combined_missing_mechanics,0.10,robust_mpc_fallback,1,144,0.00000,0.00000,0.00000,0.00000,0.00000,0.00000,0.25178
combined_missing_mechanics,0.10,robust_mpc_fallback,2,144,0.00000,0.00000,0.00000,0.00000,0.00000,0.00000,0.25213
combined_missing_mechanics,0.10,robust_mpc_fallback,3,144,0.00000,0.00000,0.00000,0.00000,0.00000,0.00000,0.25723
combined_missing_mechanics,0.10,robust_mpc_fallback,4,144,0.00000,0.00000,0.00000,0.00000,0.00000,0.00000,0.26031
combined_missing_mechanics,0.10,robust_mpc_fallback,5,144,0.00000,0.00000,0.00000,0.00000,0.00000,0.00000,0.26061
combined_missing_mechanics,0.10,robust_mpc_fallback,6,144,0.00000,0.00000,0.00000,0.00000,0.00000,0.00000,0.25521
combined_missing_mechanics,0.10,robust_mpc_fallback,7,144,0.00000,0.00000,0.00000,0.00000,0.00000,0.00000,0.26273
combined_missing_mechanics,0.10,robust_mpc_fallback,8,144,0.00000,0.00000,0.00000,0.00000,0.00000,0.00000,0.25855
combined_missing_mechanics,0.10,robust_mpc_fallback,9,144,0.00000,0.00000,0.00000,0.00000,0.00000,0.00000,0.25157
combined_missing_mechanics,0.20,active_probe_then_plan,0,144,0.11111,0.87500,0.00000,0.00000,0.21626,0.78165,0.27964
combined_missing_mechanics,0.20,active_probe_then_plan,1,144,0.14583,0.90476,0.00000,0.00000,0.20972,0.80935,0.27173
combined_missing_mechanics,0.20,active_probe_then_plan,2,144,0.13194,0.89474,0.00000,0.05263,0.20565,0.73654,0.26955
combined_missing_mechanics,0.20,active_probe_then_plan,3,144,0.13194,0.89474,0.00000,0.10526,0.20676,0.66384,0.28137
combined_missing_mechanics,0.20,active_probe_then_plan,4,144,0.10417,0.93333,0.00000,0.00000,0.19090,0.83951,0.28908
combined_missing_mechanics,0.20,active_probe_then_plan,5,144,0.14583,0.95238,0.00000,0.04762,0.19211,0.80282,0.28226
combined_missing_mechanics,0.20,active_probe_then_plan,6,144,0.12500,0.88889,0.00000,0.11111,0.22313,0.65026,0.27750
combined_missing_mechanics,0.20,active_probe_then_plan,7,144,0.11806,0.82353,0.00000,0.11765,0.19014,0.58484,0.28860
combined_missing_mechanics,0.20,active_probe_then_plan,8,144,0.13889,0.85000,0.00000,0.00000,0.20208,0.75681,0.28289
combined_missing_mechanics,0.20,active_probe_then_plan,9,144,0.09722,0.71429,0.00000,0.07143,0.17325,0.53810,0.27749
combined_missing_mechanics,0.20,conformal_risk_gate,0,144,0.00000,0.00000,0.00000,0.00000,0.00000,0.00000,0.37076
combined_missing_mechanics,0.20,conformal_risk_gate,1,144,0.00000,0.00000,0.00000,0.00000,0.00000,0.00000,0.36305
combined_missing_mechanics,0.20,conformal_risk_gate,2,144,0.00000,0.00000,0.00000,0.00000,0.00000,0.00000,0.36055
combined_missing_mechanics,0.20,conformal_risk_gate,3,144,0.00000,0.00000,0.00000,0.00000,0.00000,0.00000,0.37092
combined_missing_mechanics,0.20,conformal_risk_gate,4,144,0.00000,0.00000,0.00000,0.00000,0.00000,0.00000,0.38171
combined_missing_mechanics,0.20,conformal_risk_gate,5,144,0.00000,0.00000,0.00000,0.00000,0.00000,0.00000,0.38324
combined_missing_mechanics,0.20,conformal_risk_gate,6,144,0.00000,0.00000,0.00000,0.00000,0.00000,0.00000,0.37597
combined_missing_mechanics,0.20,conformal_risk_gate,7,144,0.00000,0.00000,0.00000,0.00000,0.00000,0.00000,0.37668
combined_missing_mechanics,0.20,conformal_risk_gate,8,144,0.00000,0.00000,0.00000,0.00000,0.00000,0.00000,0.38119
combined_missing_mechanics,0.20,conformal_risk_gate,9,144,0.00000,0.00000,0.00000,0.00000,0.00000,0.00000,0.36316
combined_missing_mechanics,0.20,ensemble_variance_gate,0,144,0.00000,0.00000,0.00000,0.00000,0.00000,0.00000,0.36296
combined_missing_mechanics,0.20,ensemble_variance_gate,1,144,0.00000,0.00000,0.00000,0.00000,0.00000,0.00000,0.36219
combined_missing_mechanics,0.20,ensemble_variance_gate,2,144,0.00000,0.00000,0.00000,0.00000,0.00000,0.00000,0.35258
combined_missing_mechanics,0.20,ensemble_variance_gate,3,144,0.00000,0.00000,0.00000,0.00000,0.00000,0.00000,0.36338
combined_missing_mechanics,0.20,ensemble_variance_gate,4,144,0.00000,0.00000,0.00000,0.00000,0.00000,0.00000,0.37816
combined_missing_mechanics,0.20,ensemble_variance_gate,5,144,0.00000,0.00000,0.00000,0.00000,0.00000,0.00000,0.37115
combined_missing_mechanics,0.20,ensemble_variance_gate,6,144,0.00000,0.00000,0.00000,0.00000,0.00000,0.00000,0.36621
combined_missing_mechanics,0.20,ensemble_variance_gate,7,144,0.00000,0.00000,0.00000,0.00000,0.00000,0.00000,0.37575
combined_missing_mechanics,0.20,ensemble_variance_gate,8,144,0.00000,0.00000,0.00000,0.00000,0.00000,0.00000,0.37144
combined_missing_mechanics,0.20,ensemble_variance_gate,9,144,0.00000,0.00000,0.00000,0.00000,0.00000,0.00000,0.36190
combined_missing_mechanics,0.20,mechanics_gap_auditor_v5,0,144,0.11806,0.88235,0.00000,0.00000,0.23196,0.79253,0.26992
combined_missing_mechanics,0.20,mechanics_gap_auditor_v5,1,144,0.20833,0.70000,0.03333,0.13333,0.27119,0.40660,0.26167
combined_missing_mechanics,0.20,mechanics_gap_auditor_v5,2,144,0.22222,0.84375,0.00000,0.00000,0.26266,0.74756,0.26099
combined_missing_mechanics,0.20,mechanics_gap_auditor_v5,3,144,0.20833,0.86667,0.03333,0.00000,0.25587,0.74312,0.26695
combined_missing_mechanics,0.20,mechanics_gap_auditor_v5,4,144,0.18056,0.76923,0.00000,0.03846,0.23486,0.62936,0.27396
combined_missing_mechanics,0.20,mechanics_gap_auditor_v5,5,144,0.18056,0.92308,0.00000,0.03846,0.25410,0.77218,0.27235
combined_missing_mechanics,0.20,mechanics_gap_auditor_v5,6,144,0.18056,0.88462,0.00000,0.00000,0.25459,0.78656,0.26716
combined_missing_mechanics,0.20,mechanics_gap_auditor_v5,7,144,0.22222,0.90625,0.00000,0.00000,0.24203,0.80652,0.26644
combined_missing_mechanics,0.20,mechanics_gap_auditor_v5,8,144,0.15278,0.81818,0.00000,0.04545,0.25931,0.66031,0.27419
combined_missing_mechanics,0.20,mechanics_gap_auditor_v5,9,144,0.20139,0.75862,0.00000,0.13793,0.26419,0.48653,0.26662
combined_missing_mechanics,0.20,oracle_mechanics_repair,0,144,0.66667,0.81250,0.03125,0.07292,0.10098,0.63804,0.17770
combined_missing_mechanics,0.20,oracle_mechanics_repair,1,144,0.72917,0.83810,0.02857,0.02857,0.09428,0.72352,0.16779
combined_missing_mechanics,0.20,oracle_mechanics_repair,2,144,0.72917,0.81905,0.02857,0.05714,0.10725,0.66361,0.16890
combined_missing_mechanics,0.20,oracle_mechanics_repair,3,144,0.70139,0.81188,0.00990,0.03960,0.08833,0.69805,0.16874
combined_missing_mechanics,0.20,oracle_mechanics_repair,4,144,0.62500,0.76667,0.03333,0.07778,0.07790,0.58967,0.17512
combined_missing_mechanics,0.20,oracle_mechanics_repair,5,144,0.70833,0.87255,0.02941,0.01961,0.08046,0.77007,0.16617
combined_missing_mechanics,0.20,oracle_mechanics_repair,6,144,0.66667,0.77083,0.02083,0.10417,0.09754,0.56593,0.17673
combined_missing_mechanics,0.20,oracle_mechanics_repair,7,144,0.69444,0.84000,0.04000,0.03000,0.09044,0.71539,0.16909
combined_missing_mechanics,0.20,oracle_mechanics_repair,8,144,0.68750,0.83838,0.01010,0.04040,0.08665,0.72177,0.16795
combined_missing_mechanics,0.20,oracle_mechanics_repair,9,144,0.69444,0.85000,0.05000,0.03000,0.08976,0.71922,0.17130
combined_missing_mechanics,0.20,robust_mpc_fallback,0,144,0.18056,0.80769,0.00000,0.00000,0.42819,0.67871,0.25611
combined_missing_mechanics,0.20,robust_mpc_fallback,1,144,0.18750,0.74074,0.00000,0.00000,0.41886,0.61188,0.24896
combined_missing_mechanics,0.20,robust_mpc_fallback,2,144,0.21528,0.87097,0.00000,0.00000,0.42170,0.74226,0.24914
combined_missing_mechanics,0.20,robust_mpc_fallback,3,144,0.18750,0.77778,0.00000,0.00000,0.41745,0.65109,0.25868
combined_missing_mechanics,0.20,robust_mpc_fallback,4,144,0.13889,0.85000,0.00000,0.00000,0.42715,0.71987,0.26336
combined_missing_mechanics,0.20,robust_mpc_fallback,5,144,0.15972,0.82609,0.00000,0.00000,0.43040,0.69649,0.25986
combined_missing_mechanics,0.20,robust_mpc_fallback,6,144,0.20139,0.82759,0.00000,0.00000,0.42576,0.69928,0.25740
combined_missing_mechanics,0.20,robust_mpc_fallback,7,144,0.15972,0.91304,0.00000,0.00000,0.40619,0.78855,0.25765
combined_missing_mechanics,0.20,robust_mpc_fallback,8,144,0.10417,0.80000,0.06667,0.00000,0.43165,0.61982,0.26015
combined_missing_mechanics,0.20,robust_mpc_fallback,9,144,0.20139,0.86207,0.00000,0.03448,0.41878,0.69003,0.25336
missing_contact_mode_shift,0.02,active_probe_then_plan,0,144,0.00000,0.00000,0.00000,0.00000,0.00000,0.00000,0.26334
missing_contact_mode_shift,0.02,active_probe_then_plan,1,144,0.00000,0.00000,0.00000,0.00000,0.00000,0.00000,0.26241
missing_contact_mode_shift,0.02,active_probe_then_plan,2,144,0.00000,0.00000,0.00000,0.00000,0.00000,0.00000,0.25960
missing_contact_mode_shift,0.02,active_probe_then_plan,3,144,0.00000,0.00000,0.00000,0.00000,0.00000,0.00000,0.25126
missing_contact_mode_shift,0.02,active_probe_then_plan,4,144,0.00000,0.00000,0.00000,0.00000,0.00000,0.00000,0.25801
missing_contact_mode_shift,0.02,active_probe_then_plan,5,144,0.00000,0.00000,0.00000,0.00000,0.00000,0.00000,0.26119
missing_contact_mode_shift,0.02,active_probe_then_plan,6,144,0.00000,0.00000,0.00000,0.00000,0.00000,0.00000,0.25625
missing_contact_mode_shift,0.02,active_probe_then_plan,7,144,0.00000,0.00000,0.00000,0.00000,0.00000,0.00000,0.27030
missing_contact_mode_shift,0.02,active_probe_then_plan,8,144,0.00000,0.00000,0.00000,0.00000,0.00000,0.00000,0.26904
missing_contact_mode_shift,0.02,active_probe_then_plan,9,144,0.00000,0.00000,0.00000,0.00000,0.00000,0.00000,0.25811
missing_contact_mode_shift,0.02,conformal_risk_gate,0,144,0.00000,0.00000,0.00000,0.00000,0.00000,0.00000,0.35624
missing_contact_mode_shift,0.02,conformal_risk_gate,1,144,0.00000,0.00000,0.00000,0.00000,0.00000,0.00000,0.35848
missing_contact_mode_shift,0.02,conformal_risk_gate,2,144,0.00000,0.00000,0.00000,0.00000,0.00000,0.00000,0.34657
missing_contact_mode_shift,0.02,conformal_risk_gate,3,144,0.00000,0.00000,0.00000,0.00000,0.00000,0.00000,0.34669
missing_contact_mode_shift,0.02,conformal_risk_gate,4,144,0.00000,0.00000,0.00000,0.00000,0.00000,0.00000,0.34510
missing_contact_mode_shift,0.02,conformal_risk_gate,5,144,0.00000,0.00000,0.00000,0.00000,0.00000,0.00000,0.35502
missing_contact_mode_shift,0.02,conformal_risk_gate,6,144,0.00000,0.00000,0.00000,0.00000,0.00000,0.00000,0.35268
missing_contact_mode_shift,0.02,conformal_risk_gate,7,144,0.00000,0.00000,0.00000,0.00000,0.00000,0.00000,0.35342
missing_contact_mode_shift,0.02,conformal_risk_gate,8,144,0.00000,0.00000,0.00000,0.00000,0.00000,0.00000,0.35130
missing_contact_mode_shift,0.02,conformal_risk_gate,9,144,0.00000,0.00000,0.00000,0.00000,0.00000,0.00000,0.35904
missing_contact_mode_shift,0.02,ensemble_variance_gate,0,144,0.00000,0.00000,0.00000,0.00000,0.00000,0.00000,0.35404
missing_contact_mode_shift,0.02,ensemble_variance_gate,1,144,0.00000,0.00000,0.00000,0.00000,0.00000,0.00000,0.35114
missing_contact_mode_shift,0.02,ensemble_variance_gate,2,144,0.00000,0.00000,0.00000,0.00000,0.00000,0.00000,0.34137
missing_contact_mode_shift,0.02,ensemble_variance_gate,3,144,0.00000,0.00000,0.00000,0.00000,0.00000,0.00000,0.34325
missing_contact_mode_shift,0.02,ensemble_variance_gate,4,144,0.00000,0.00000,0.00000,0.00000,0.00000,0.00000,0.34572
missing_contact_mode_shift,0.02,ensemble_variance_gate,5,144,0.00000,0.00000,0.00000,0.00000,0.00000,0.00000,0.35503
missing_contact_mode_shift,0.02,ensemble_variance_gate,6,144,0.00000,0.00000,0.00000,0.00000,0.00000,0.00000,0.34864
missing_contact_mode_shift,0.02,ensemble_variance_gate,7,144,0.00000,0.00000,0.00000,0.00000,0.00000,0.00000,0.35264
missing_contact_mode_shift,0.02,ensemble_variance_gate,8,144,0.00000,0.00000,0.00000,0.00000,0.00000,0.00000,0.34846
missing_contact_mode_shift,0.02,ensemble_variance_gate,9,144,0.00000,0.00000,0.00000,0.00000,0.00000,0.00000,0.35193
missing_contact_mode_shift,0.02,mechanics_gap_auditor_v5,0,144,0.00000,0.00000,0.00000,0.00000,0.00000,0.00000,0.24558
missing_contact_mode_shift,0.02,mechanics_gap_auditor_v5,1,144,0.00000,0.00000,0.00000,0.00000,0.00000,0.00000,0.24328
missing_contact_mode_shift,0.02,mechanics_gap_auditor_v5,2,144,0.00000,0.00000,0.00000,0.00000,0.00000,0.00000,0.24681
missing_contact_mode_shift,0.02,mechanics_gap_auditor_v5,3,144,0.00000,0.00000,0.00000,0.00000,0.00000,0.00000,0.24379
missing_contact_mode_shift,0.02,mechanics_gap_auditor_v5,4,144,0.00000,0.00000,0.00000,0.00000,0.00000,0.00000,0.25466
missing_contact_mode_shift,0.02,mechanics_gap_auditor_v5,5,144,0.00000,0.00000,0.00000,0.00000,0.00000,0.00000,0.24953
missing_contact_mode_shift,0.02,mechanics_gap_auditor_v5,6,144,0.00000,0.00000,0.00000,0.00000,0.00000,0.00000,0.24170
missing_contact_mode_shift,0.02,mechanics_gap_auditor_v5,7,144,0.00000,0.00000,0.00000,0.00000,0.00000,0.00000,0.25399
missing_contact_mode_shift,0.02,mechanics_gap_auditor_v5,8,144,0.00000,0.00000,0.00000,0.00000,0.00000,0.00000,0.25164
missing_contact_mode_shift,0.02,mechanics_gap_auditor_v5,9,144,0.00000,0.00000,0.00000,0.00000,0.00000,0.00000,0.25463
missing_contact_mode_shift,0.02,oracle_mechanics_repair,0,144,0.00000,0.00000,0.00000,0.00000,0.00000,0.00000,0.15417
missing_contact_mode_shift,0.02,oracle_mechanics_repair,1,144,0.00000,0.00000,0.00000,0.00000,0.00000,0.00000,0.16233
missing_contact_mode_shift,0.02,oracle_mechanics_repair,2,144,0.00000,0.00000,0.00000,0.00000,0.00000,0.00000,0.15515
missing_contact_mode_shift,0.02,oracle_mechanics_repair,3,144,0.00000,0.00000,0.00000,0.00000,0.00000,0.00000,0.15998
missing_contact_mode_shift,0.02,oracle_mechanics_repair,4,144,0.00000,0.00000,0.00000,0.00000,0.00000,0.00000,0.16081
missing_contact_mode_shift,0.02,oracle_mechanics_repair,5,144,0.00000,0.00000,0.00000,0.00000,0.00000,0.00000,0.15074
missing_contact_mode_shift,0.02,oracle_mechanics_repair,6,144,0.00000,0.00000,0.00000,0.00000,0.00000,0.00000,0.15608
missing_contact_mode_shift,0.02,oracle_mechanics_repair,7,144,0.00000,0.00000,0.00000,0.00000,0.00000,0.00000,0.15532
missing_contact_mode_shift,0.02,oracle_mechanics_repair,8,144,0.00000,0.00000,0.00000,0.00000,0.00000,0.00000,0.14925
missing_contact_mode_shift,0.02,oracle_mechanics_repair,9,144,0.00000,0.00000,0.00000,0.00000,0.00000,0.00000,0.15817
missing_contact_mode_shift,0.02,robust_mpc_fallback,0,144,0.00000,0.00000,0.00000,0.00000,0.00000,0.00000,0.23895
missing_contact_mode_shift,0.02,robust_mpc_fallback,1,144,0.00000,0.00000,0.00000,0.00000,0.00000,0.00000,0.23751
missing_contact_mode_shift,0.02,robust_mpc_fallback,2,144,0.00000,0.00000,0.00000,0.00000,0.00000,0.00000,0.23217
missing_contact_mode_shift,0.02,robust_mpc_fallback,3,144,0.00000,0.00000,0.00000,0.00000,0.00000,0.00000,0.23509
missing_contact_mode_shift,0.02,robust_mpc_fallback,4,144,0.00000,0.00000,0.00000,0.00000,0.00000,0.00000,0.23730
missing_contact_mode_shift,0.02,robust_mpc_fallback,5,144,0.00000,0.00000,0.00000,0.00000,0.00000,0.00000,0.24113
missing_contact_mode_shift,0.02,robust_mpc_fallback,6,144,0.00000,0.00000,0.00000,0.00000,0.00000,0.00000,0.24093
missing_contact_mode_shift,0.02,robust_mpc_fallback,7,144,0.00000,0.00000,0.00000,0.00000,0.00000,0.00000,0.24452
missing_contact_mode_shift,0.02,robust_mpc_fallback,8,144,0.00000,0.00000,0.00000,0.00000,0.00000,0.00000,0.24087
missing_contact_mode_shift,0.02,robust_mpc_fallback,9,144,0.00000,0.00000,0.00000,0.00000,0.00000,0.00000,0.24153
missing_contact_mode_shift,0.05,active_probe_then_plan,0,144,0.00000,0.00000,0.00000,0.00000,0.00000,0.00000,0.26398
missing_contact_mode_shift,0.05,active_probe_then_plan,1,144,0.00000,0.00000,0.00000,0.00000,0.00000,0.00000,0.26211
missing_contact_mode_shift,0.05,active_probe_then_plan,2,144,0.00000,0.00000,0.00000,0.00000,0.00000,0.00000,0.25612
missing_contact_mode_shift,0.05,active_probe_then_plan,3,144,0.00000,0.00000,0.00000,0.00000,0.00000,0.00000,0.25283
missing_contact_mode_shift,0.05,active_probe_then_plan,4,144,0.00000,0.00000,0.00000,0.00000,0.00000,0.00000,0.26340
missing_contact_mode_shift,0.05,active_probe_then_plan,5,144,0.00000,0.00000,0.00000,0.00000,0.00000,0.00000,0.26433
missing_contact_mode_shift,0.05,active_probe_then_plan,6,144,0.00000,0.00000,0.00000,0.00000,0.00000,0.00000,0.25900
missing_contact_mode_shift,0.05,active_probe_then_plan,7,144,0.00000,0.00000,0.00000,0.00000,0.00000,0.00000,0.26405
missing_contact_mode_shift,0.05,active_probe_then_plan,8,144,0.00000,0.00000,0.00000,0.00000,0.00000,0.00000,0.26607
missing_contact_mode_shift,0.05,active_probe_then_plan,9,144,0.00000,0.00000,0.00000,0.00000,0.00000,0.00000,0.26482
missing_contact_mode_shift,0.05,conformal_risk_gate,0,144,0.00000,0.00000,0.00000,0.00000,0.00000,0.00000,0.35334
missing_contact_mode_shift,0.05,conformal_risk_gate,1,144,0.00000,0.00000,0.00000,0.00000,0.00000,0.00000,0.35234
missing_contact_mode_shift,0.05,conformal_risk_gate,2,144,0.00000,0.00000,0.00000,0.00000,0.00000,0.00000,0.35185
missing_contact_mode_shift,0.05,conformal_risk_gate,3,144,0.00000,0.00000,0.00000,0.00000,0.00000,0.00000,0.34699
missing_contact_mode_shift,0.05,conformal_risk_gate,4,144,0.00000,0.00000,0.00000,0.00000,0.00000,0.00000,0.34595
missing_contact_mode_shift,0.05,conformal_risk_gate,5,144,0.00000,0.00000,0.00000,0.00000,0.00000,0.00000,0.35799
missing_contact_mode_shift,0.05,conformal_risk_gate,6,144,0.00000,0.00000,0.00000,0.00000,0.00000,0.00000,0.35081
missing_contact_mode_shift,0.05,conformal_risk_gate,7,144,0.00000,0.00000,0.00000,0.00000,0.00000,0.00000,0.35858
missing_contact_mode_shift,0.05,conformal_risk_gate,8,144,0.00000,0.00000,0.00000,0.00000,0.00000,0.00000,0.35277
missing_contact_mode_shift,0.05,conformal_risk_gate,9,144,0.00000,0.00000,0.00000,0.00000,0.00000,0.00000,0.35589
missing_contact_mode_shift,0.05,ensemble_variance_gate,0,144,0.00000,0.00000,0.00000,0.00000,0.00000,0.00000,0.35007
missing_contact_mode_shift,0.05,ensemble_variance_gate,1,144,0.00000,0.00000,0.00000,0.00000,0.00000,0.00000,0.35507
missing_contact_mode_shift,0.05,ensemble_variance_gate,2,144,0.00000,0.00000,0.00000,0.00000,0.00000,0.00000,0.34242
missing_contact_mode_shift,0.05,ensemble_variance_gate,3,144,0.00000,0.00000,0.00000,0.00000,0.00000,0.00000,0.34031
missing_contact_mode_shift,0.05,ensemble_variance_gate,4,144,0.00000,0.00000,0.00000,0.00000,0.00000,0.00000,0.34717
missing_contact_mode_shift,0.05,ensemble_variance_gate,5,144,0.00000,0.00000,0.00000,0.00000,0.00000,0.00000,0.35412
missing_contact_mode_shift,0.05,ensemble_variance_gate,6,144,0.00000,0.00000,0.00000,0.00000,0.00000,0.00000,0.35012
missing_contact_mode_shift,0.05,ensemble_variance_gate,7,144,0.00000,0.00000,0.00000,0.00000,0.00000,0.00000,0.35396
missing_contact_mode_shift,0.05,ensemble_variance_gate,8,144,0.00000,0.00000,0.00000,0.00000,0.00000,0.00000,0.35251
missing_contact_mode_shift,0.05,ensemble_variance_gate,9,144,0.00000,0.00000,0.00000,0.00000,0.00000,0.00000,0.35649
missing_contact_mode_shift,0.05,mechanics_gap_auditor_v5,0,144,0.00000,0.00000,0.00000,0.00000,0.00000,0.00000,0.25702
missing_contact_mode_shift,0.05,mechanics_gap_auditor_v5,1,144,0.00000,0.00000,0.00000,0.00000,0.00000,0.00000,0.25065
missing_contact_mode_shift,0.05,mechanics_gap_auditor_v5,2,144,0.00000,0.00000,0.00000,0.00000,0.00000,0.00000,0.24465
missing_contact_mode_shift,0.05,mechanics_gap_auditor_v5,3,144,0.00000,0.00000,0.00000,0.00000,0.00000,0.00000,0.24231
missing_contact_mode_shift,0.05,mechanics_gap_auditor_v5,4,144,0.00000,0.00000,0.00000,0.00000,0.00000,0.00000,0.24324
missing_contact_mode_shift,0.05,mechanics_gap_auditor_v5,5,144,0.00000,0.00000,0.00000,0.00000,0.00000,0.00000,0.24378
missing_contact_mode_shift,0.05,mechanics_gap_auditor_v5,6,144,0.00000,0.00000,0.00000,0.00000,0.00000,0.00000,0.25065
missing_contact_mode_shift,0.05,mechanics_gap_auditor_v5,7,144,0.00000,0.00000,0.00000,0.00000,0.00000,0.00000,0.25329
missing_contact_mode_shift,0.05,mechanics_gap_auditor_v5,8,144,0.00000,0.00000,0.00000,0.00000,0.00000,0.00000,0.24844
missing_contact_mode_shift,0.05,mechanics_gap_auditor_v5,9,144,0.00000,0.00000,0.00000,0.00000,0.00000,0.00000,0.24449
missing_contact_mode_shift,0.05,oracle_mechanics_repair,0,144,0.00000,0.00000,0.00000,0.00000,0.00000,0.00000,0.16282
missing_contact_mode_shift,0.05,oracle_mechanics_repair,1,144,0.00000,0.00000,0.00000,0.00000,0.00000,0.00000,0.15849
missing_contact_mode_shift,0.05,oracle_mechanics_repair,2,144,0.00000,0.00000,0.00000,0.00000,0.00000,0.00000,0.16715
missing_contact_mode_shift,0.05,oracle_mechanics_repair,3,144,0.00000,0.00000,0.00000,0.00000,0.00000,0.00000,0.17414
missing_contact_mode_shift,0.05,oracle_mechanics_repair,4,144,0.00000,0.00000,0.00000,0.00000,0.00000,0.00000,0.16505
missing_contact_mode_shift,0.05,oracle_mechanics_repair,5,144,0.00000,0.00000,0.00000,0.00000,0.00000,0.00000,0.16756
missing_contact_mode_shift,0.05,oracle_mechanics_repair,6,144,0.00000,0.00000,0.00000,0.00000,0.00000,0.00000,0.16070
missing_contact_mode_shift,0.05,oracle_mechanics_repair,7,144,0.00694,1.00000,0.00000,0.00000,0.00000,0.97229,0.15745
missing_contact_mode_shift,0.05,oracle_mechanics_repair,8,144,0.00000,0.00000,0.00000,0.00000,0.00000,0.00000,0.15836
missing_contact_mode_shift,0.05,oracle_mechanics_repair,9,144,0.00000,0.00000,0.00000,0.00000,0.00000,0.00000,0.14971
missing_contact_mode_shift,0.05,robust_mpc_fallback,0,144,0.00000,0.00000,0.00000,0.00000,0.00000,0.00000,0.23687
missing_contact_mode_shift,0.05,robust_mpc_fallback,1,144,0.00000,0.00000,0.00000,0.00000,0.00000,0.00000,0.24577
missing_contact_mode_shift,0.05,robust_mpc_fallback,2,144,0.00000,0.00000,0.00000,0.00000,0.00000,0.00000,0.23592
missing_contact_mode_shift,0.05,robust_mpc_fallback,3,144,0.00000,0.00000,0.00000,0.00000,0.00000,0.00000,0.23783
missing_contact_mode_shift,0.05,robust_mpc_fallback,4,144,0.00000,0.00000,0.00000,0.00000,0.00000,0.00000,0.23811
missing_contact_mode_shift,0.05,robust_mpc_fallback,5,144,0.00000,0.00000,0.00000,0.00000,0.00000,0.00000,0.24310
missing_contact_mode_shift,0.05,robust_mpc_fallback,6,144,0.00000,0.00000,0.00000,0.00000,0.00000,0.00000,0.23608
missing_contact_mode_shift,0.05,robust_mpc_fallback,7,144,0.00000,0.00000,0.00000,0.00000,0.00000,0.00000,0.23935
missing_contact_mode_shift,0.05,robust_mpc_fallback,8,144,0.00000,0.00000,0.00000,0.00000,0.00000,0.00000,0.23887
missing_contact_mode_shift,0.05,robust_mpc_fallback,9,144,0.00000,0.00000,0.00000,0.00000,0.00000,0.00000,0.24197
missing_contact_mode_shift,0.10,active_probe_then_plan,0,144,0.00000,0.00000,0.00000,0.00000,0.00000,0.00000,0.26581
missing_contact_mode_shift,0.10,active_probe_then_plan,1,144,0.00000,0.00000,0.00000,0.00000,0.00000,0.00000,0.26422
missing_contact_mode_shift,0.10,active_probe_then_plan,2,144,0.00000,0.00000,0.00000,0.00000,0.00000,0.00000,0.25993
missing_contact_mode_shift,0.10,active_probe_then_plan,3,144,0.00000,0.00000,0.00000,0.00000,0.00000,0.00000,0.25968
missing_contact_mode_shift,0.10,active_probe_then_plan,4,144,0.00694,1.00000,0.00000,0.00000,0.11667,0.94077,0.25885
missing_contact_mode_shift,0.10,active_probe_then_plan,5,144,0.00000,0.00000,0.00000,0.00000,0.00000,0.00000,0.26160
missing_contact_mode_shift,0.10,active_probe_then_plan,6,144,0.00000,0.00000,0.00000,0.00000,0.00000,0.00000,0.25335
missing_contact_mode_shift,0.10,active_probe_then_plan,7,144,0.00000,0.00000,0.00000,0.00000,0.00000,0.00000,0.26525
missing_contact_mode_shift,0.10,active_probe_then_plan,8,144,0.00000,0.00000,0.00000,0.00000,0.00000,0.00000,0.26201
missing_contact_mode_shift,0.10,active_probe_then_plan,9,144,0.00000,0.00000,0.00000,0.00000,0.00000,0.00000,0.26676
missing_contact_mode_shift,0.10,conformal_risk_gate,0,144,0.00000,0.00000,0.00000,0.00000,0.00000,0.00000,0.35120
missing_contact_mode_shift,0.10,conformal_risk_gate,1,144,0.00000,0.00000,0.00000,0.00000,0.00000,0.00000,0.35673
missing_contact_mode_shift,0.10,conformal_risk_gate,2,144,0.00000,0.00000,0.00000,0.00000,0.00000,0.00000,0.34408
missing_contact_mode_shift,0.10,conformal_risk_gate,3,144,0.00000,0.00000,0.00000,0.00000,0.00000,0.00000,0.34926
missing_contact_mode_shift,0.10,conformal_risk_gate,4,144,0.00000,0.00000,0.00000,0.00000,0.00000,0.00000,0.34528
missing_contact_mode_shift,0.10,conformal_risk_gate,5,144,0.00000,0.00000,0.00000,0.00000,0.00000,0.00000,0.35533
missing_contact_mode_shift,0.10,conformal_risk_gate,6,144,0.00000,0.00000,0.00000,0.00000,0.00000,0.00000,0.34959
missing_contact_mode_shift,0.10,conformal_risk_gate,7,144,0.00000,0.00000,0.00000,0.00000,0.00000,0.00000,0.35889
missing_contact_mode_shift,0.10,conformal_risk_gate,8,144,0.00000,0.00000,0.00000,0.00000,0.00000,0.00000,0.35224
missing_contact_mode_shift,0.10,conformal_risk_gate,9,144,0.00000,0.00000,0.00000,0.00000,0.00000,0.00000,0.35326
missing_contact_mode_shift,0.10,ensemble_variance_gate,0,144,0.00000,0.00000,0.00000,0.00000,0.00000,0.00000,0.34942
missing_contact_mode_shift,0.10,ensemble_variance_gate,1,144,0.00000,0.00000,0.00000,0.00000,0.00000,0.00000,0.35255
missing_contact_mode_shift,0.10,ensemble_variance_gate,2,144,0.00000,0.00000,0.00000,0.00000,0.00000,0.00000,0.34386
missing_contact_mode_shift,0.10,ensemble_variance_gate,3,144,0.00000,0.00000,0.00000,0.00000,0.00000,0.00000,0.34284
missing_contact_mode_shift,0.10,ensemble_variance_gate,4,144,0.00000,0.00000,0.00000,0.00000,0.00000,0.00000,0.34513
missing_contact_mode_shift,0.10,ensemble_variance_gate,5,144,0.00000,0.00000,0.00000,0.00000,0.00000,0.00000,0.34428
missing_contact_mode_shift,0.10,ensemble_variance_gate,6,144,0.00000,0.00000,0.00000,0.00000,0.00000,0.00000,0.34747
missing_contact_mode_shift,0.10,ensemble_variance_gate,7,144,0.00000,0.00000,0.00000,0.00000,0.00000,0.00000,0.34640
missing_contact_mode_shift,0.10,ensemble_variance_gate,8,144,0.00000,0.00000,0.00000,0.00000,0.00000,0.00000,0.35450
missing_contact_mode_shift,0.10,ensemble_variance_gate,9,144,0.00000,0.00000,0.00000,0.00000,0.00000,0.00000,0.35546
missing_contact_mode_shift,0.10,mechanics_gap_auditor_v5,0,144,0.00000,0.00000,0.00000,0.00000,0.00000,0.00000,0.25313
missing_contact_mode_shift,0.10,mechanics_gap_auditor_v5,1,144,0.00000,0.00000,0.00000,0.00000,0.00000,0.00000,0.24903
missing_contact_mode_shift,0.10,mechanics_gap_auditor_v5,2,144,0.00000,0.00000,0.00000,0.00000,0.00000,0.00000,0.23991
missing_contact_mode_shift,0.10,mechanics_gap_auditor_v5,3,144,0.00000,0.00000,0.00000,0.00000,0.00000,0.00000,0.24319
missing_contact_mode_shift,0.10,mechanics_gap_auditor_v5,4,144,0.00000,0.00000,0.00000,0.00000,0.00000,0.00000,0.24732
missing_contact_mode_shift,0.10,mechanics_gap_auditor_v5,5,144,0.00000,0.00000,0.00000,0.00000,0.00000,0.00000,0.24885
missing_contact_mode_shift,0.10,mechanics_gap_auditor_v5,6,144,0.01389,1.00000,0.00000,0.00000,0.14758,0.91714,0.24806
missing_contact_mode_shift,0.10,mechanics_gap_auditor_v5,7,144,0.00000,0.00000,0.00000,0.00000,0.00000,0.00000,0.24599
missing_contact_mode_shift,0.10,mechanics_gap_auditor_v5,8,144,0.00000,0.00000,0.00000,0.00000,0.00000,0.00000,0.25062
missing_contact_mode_shift,0.10,mechanics_gap_auditor_v5,9,144,0.00694,1.00000,0.00000,0.00000,0.15433,0.90085,0.24827
missing_contact_mode_shift,0.10,oracle_mechanics_repair,0,144,0.20833,0.93333,0.00000,0.00000,0.01493,0.89344,0.16544
missing_contact_mode_shift,0.10,oracle_mechanics_repair,1,144,0.20833,0.93333,0.00000,0.00000,0.00992,0.89388,0.16183
missing_contact_mode_shift,0.10,oracle_mechanics_repair,2,144,0.18750,1.00000,0.00000,0.00000,0.01048,0.96402,0.16432
missing_contact_mode_shift,0.10,oracle_mechanics_repair,3,144,0.20139,0.96552,0.00000,0.00000,0.01201,0.92451,0.15491
missing_contact_mode_shift,0.10,oracle_mechanics_repair,4,144,0.19444,0.85714,0.00000,0.00000,0.01149,0.81696,0.16351
missing_contact_mode_shift,0.10,oracle_mechanics_repair,5,144,0.29167,0.97619,0.00000,0.00000,0.01386,0.93683,0.14598
missing_contact_mode_shift,0.10,oracle_mechanics_repair,6,144,0.22222,0.93750,0.00000,0.00000,0.01450,0.90033,0.16069
missing_contact_mode_shift,0.10,oracle_mechanics_repair,7,144,0.21528,0.96774,0.00000,0.00000,0.00773,0.93136,0.16126
missing_contact_mode_shift,0.10,oracle_mechanics_repair,8,144,0.19444,1.00000,0.00000,0.00000,0.00850,0.96168,0.15605
missing_contact_mode_shift,0.10,oracle_mechanics_repair,9,144,0.15278,1.00000,0.00000,0.00000,0.01301,0.96210,0.16131
missing_contact_mode_shift,0.10,robust_mpc_fallback,0,144,0.00000,0.00000,0.00000,0.00000,0.00000,0.00000,0.23930
missing_contact_mode_shift,0.10,robust_mpc_fallback,1,144,0.00000,0.00000,0.00000,0.00000,0.00000,0.00000,0.23882
missing_contact_mode_shift,0.10,robust_mpc_fallback,2,144,0.00000,0.00000,0.00000,0.00000,0.00000,0.00000,0.23463
missing_contact_mode_shift,0.10,robust_mpc_fallback,3,144,0.00000,0.00000,0.00000,0.00000,0.00000,0.00000,0.23519
missing_contact_mode_shift,0.10,robust_mpc_fallback,4,144,0.00000,0.00000,0.00000,0.00000,0.00000,0.00000,0.23574
missing_contact_mode_shift,0.10,robust_mpc_fallback,5,144,0.00000,0.00000,0.00000,0.00000,0.00000,0.00000,0.24513
missing_contact_mode_shift,0.10,robust_mpc_fallback,6,144,0.00000,0.00000,0.00000,0.00000,0.00000,0.00000,0.23618
missing_contact_mode_shift,0.10,robust_mpc_fallback,7,144,0.00000,0.00000,0.00000,0.00000,0.00000,0.00000,0.24277
missing_contact_mode_shift,0.10,robust_mpc_fallback,8,144,0.00000,0.00000,0.00000,0.00000,0.00000,0.00000,0.24192
missing_contact_mode_shift,0.10,robust_mpc_fallback,9,144,0.00000,0.00000,0.00000,0.00000,0.00000,0.00000,0.24008
missing_contact_mode_shift,0.20,active_probe_then_plan,0,144,0.18056,0.80769,0.00000,0.07692,0.21017,0.61854,0.25830
missing_contact_mode_shift,0.20,active_probe_then_plan,1,144,0.23611,0.76471,0.00000,0.11765,0.20756,0.52294,0.24820
missing_contact_mode_shift,0.20,active_probe_then_plan,2,144,0.14583,0.85714,0.00000,0.04762,0.22240,0.70462,0.26127
missing_contact_mode_shift,0.20,active_probe_then_plan,3,144,0.14583,0.76190,0.00000,0.14286,0.20782,0.48799,0.25911
missing_contact_mode_shift,0.20,active_probe_then_plan,4,144,0.17361,0.88000,0.00000,0.04000,0.20681,0.73574,0.25530
missing_contact_mode_shift,0.20,active_probe_then_plan,5,144,0.15278,0.81818,0.00000,0.00000,0.19652,0.73182,0.26674
missing_contact_mode_shift,0.20,active_probe_then_plan,6,144,0.11111,0.81250,0.00000,0.06250,0.22290,0.63596,0.26491
missing_contact_mode_shift,0.20,active_probe_then_plan,7,144,0.16667,0.83333,0.00000,0.08333,0.20080,0.64067,0.26518
missing_contact_mode_shift,0.20,active_probe_then_plan,8,144,0.14583,0.95238,0.00000,0.00000,0.19480,0.86446,0.26372
missing_contact_mode_shift,0.20,active_probe_then_plan,9,144,0.13889,0.85000,0.00000,0.10000,0.21634,0.63140,0.26780
missing_contact_mode_shift,0.20,conformal_risk_gate,0,144,0.00000,0.00000,0.00000,0.00000,0.00000,0.00000,0.35500
missing_contact_mode_shift,0.20,conformal_risk_gate,1,144,0.00000,0.00000,0.00000,0.00000,0.00000,0.00000,0.35348
missing_contact_mode_shift,0.20,conformal_risk_gate,2,144,0.00694,1.00000,0.00000,0.00000,0.47711,0.84043,0.35040
missing_contact_mode_shift,0.20,conformal_risk_gate,3,144,0.00000,0.00000,0.00000,0.00000,0.00000,0.00000,0.34451
missing_contact_mode_shift,0.20,conformal_risk_gate,4,144,0.00000,0.00000,0.00000,0.00000,0.00000,0.00000,0.34844
missing_contact_mode_shift,0.20,conformal_risk_gate,5,144,0.00000,0.00000,0.00000,0.00000,0.00000,0.00000,0.35555
missing_contact_mode_shift,0.20,conformal_risk_gate,6,144,0.00000,0.00000,0.00000,0.00000,0.00000,0.00000,0.35396
missing_contact_mode_shift,0.20,conformal_risk_gate,7,144,0.00000,0.00000,0.00000,0.00000,0.00000,0.00000,0.35670
missing_contact_mode_shift,0.20,conformal_risk_gate,8,144,0.00000,0.00000,0.00000,0.00000,0.00000,0.00000,0.35456
missing_contact_mode_shift,0.20,conformal_risk_gate,9,144,0.00000,0.00000,0.00000,0.00000,0.00000,0.00000,0.36042
missing_contact_mode_shift,0.20,ensemble_variance_gate,0,144,0.00000,0.00000,0.00000,0.00000,0.00000,0.00000,0.34614
missing_contact_mode_shift,0.20,ensemble_variance_gate,1,144,0.00000,0.00000,0.00000,0.00000,0.00000,0.00000,0.34664
missing_contact_mode_shift,0.20,ensemble_variance_gate,2,144,0.00000,0.00000,0.00000,0.00000,0.00000,0.00000,0.34826
missing_contact_mode_shift,0.20,ensemble_variance_gate,3,144,0.00000,0.00000,0.00000,0.00000,0.00000,0.00000,0.34725
missing_contact_mode_shift,0.20,ensemble_variance_gate,4,144,0.00000,0.00000,0.00000,0.00000,0.00000,0.00000,0.34267
missing_contact_mode_shift,0.20,ensemble_variance_gate,5,144,0.00000,0.00000,0.00000,0.00000,0.00000,0.00000,0.35089
missing_contact_mode_shift,0.20,ensemble_variance_gate,6,144,0.00694,1.00000,0.00000,0.00000,0.36772,0.87125,0.34775
missing_contact_mode_shift,0.20,ensemble_variance_gate,7,144,0.00000,0.00000,0.00000,0.00000,0.00000,0.00000,0.35102
missing_contact_mode_shift,0.20,ensemble_variance_gate,8,144,0.00000,0.00000,0.00000,0.00000,0.00000,0.00000,0.35260
missing_contact_mode_shift,0.20,ensemble_variance_gate,9,144,0.01389,1.00000,0.00000,0.00000,0.35896,0.85930,0.35246
missing_contact_mode_shift,0.20,mechanics_gap_auditor_v5,0,144,0.22222,0.75000,0.00000,0.09375,0.24945,0.53424,0.25035
missing_contact_mode_shift,0.20,mechanics_gap_auditor_v5,1,144,0.20833,0.90000,0.00000,0.06667,0.24475,0.71998,0.24950
missing_contact_mode_shift,0.20,mechanics_gap_auditor_v5,2,144,0.23611,0.97059,0.00000,0.02941,0.26027,0.83263,0.24457
missing_contact_mode_shift,0.20,mechanics_gap_auditor_v5,3,144,0.25694,0.86486,0.00000,0.05405,0.27957,0.69621,0.25009
missing_contact_mode_shift,0.20,mechanics_gap_auditor_v5,4,144,0.22222,0.84375,0.03125,0.03125,0.25754,0.68431,0.24284
missing_contact_mode_shift,0.20,mechanics_gap_auditor_v5,5,144,0.26389,0.89474,0.00000,0.00000,0.24160,0.80526,0.24858
missing_contact_mode_shift,0.20,mechanics_gap_auditor_v5,6,144,0.26389,0.81579,0.00000,0.07895,0.24151,0.61903,0.24802
missing_contact_mode_shift,0.20,mechanics_gap_auditor_v5,7,144,0.24306,0.80000,0.02857,0.02857,0.25145,0.64776,0.25500
missing_contact_mode_shift,0.20,mechanics_gap_auditor_v5,8,144,0.22917,0.84848,0.00000,0.00000,0.23838,0.75344,0.24838
missing_contact_mode_shift,0.20,mechanics_gap_auditor_v5,9,144,0.28472,0.80488,0.00000,0.00000,0.25406,0.70848,0.24551
missing_contact_mode_shift,0.20,oracle_mechanics_repair,0,144,0.70139,0.79208,0.02970,0.03960,0.09831,0.66166,0.16858
missing_contact_mode_shift,0.20,oracle_mechanics_repair,1,144,0.72222,0.79808,0.01923,0.05769,0.08556,0.65507,0.16243
missing_contact_mode_shift,0.20,oracle_mechanics_repair,2,144,0.81944,0.81356,0.05932,0.03390,0.09519,0.67051,0.15125
missing_contact_mode_shift,0.20,oracle_mechanics_repair,3,144,0.78472,0.87611,0.01770,0.03540,0.09705,0.75906,0.15996
missing_contact_mode_shift,0.20,oracle_mechanics_repair,4,144,0.78472,0.77876,0.01770,0.04425,0.09334,0.64998,0.15483
missing_contact_mode_shift,0.20,oracle_mechanics_repair,5,144,0.68056,0.83673,0.03061,0.01020,0.09036,0.74738,0.16423
missing_contact_mode_shift,0.20,oracle_mechanics_repair,6,144,0.77083,0.81982,0.03604,0.05405,0.09133,0.66458,0.15524
missing_contact_mode_shift,0.20,oracle_mechanics_repair,7,144,0.77778,0.77679,0.00893,0.08036,0.07902,0.61268,0.15409
missing_contact_mode_shift,0.20,oracle_mechanics_repair,8,144,0.75694,0.82569,0.01835,0.02752,0.08799,0.72186,0.15369
missing_contact_mode_shift,0.20,oracle_mechanics_repair,9,144,0.76389,0.86364,0.00909,0.02727,0.08252,0.76711,0.15589
missing_contact_mode_shift,0.20,robust_mpc_fallback,0,144,0.25000,0.83333,0.00000,0.00000,0.40677,0.70902,0.24173
missing_contact_mode_shift,0.20,robust_mpc_fallback,1,144,0.24306,0.82857,0.00000,0.00000,0.40991,0.70416,0.23997
missing_contact_mode_shift,0.20,robust_mpc_fallback,2,144,0.25000,0.75000,0.00000,0.00000,0.41645,0.62431,0.23816
missing_contact_mode_shift,0.20,robust_mpc_fallback,3,144,0.31250,0.80000,0.00000,0.00000,0.41588,0.67276,0.23603
missing_contact_mode_shift,0.20,robust_mpc_fallback,4,144,0.27083,0.89744,0.00000,0.00000,0.40751,0.77375,0.23797
missing_contact_mode_shift,0.20,robust_mpc_fallback,5,144,0.23611,0.79412,0.02941,0.00000,0.42119,0.64301,0.24105
missing_contact_mode_shift,0.20,robust_mpc_fallback,6,144,0.27083,0.79487,0.02564,0.02564,0.41088,0.61678,0.23638
missing_contact_mode_shift,0.20,robust_mpc_fallback,7,144,0.28472,0.78049,0.00000,0.00000,0.41588,0.65449,0.24195
missing_contact_mode_shift,0.20,robust_mpc_fallback,8,144,0.27083,0.89744,0.02564,0.00000,0.40844,0.75447,0.23971
missing_contact_mode_shift,0.20,robust_mpc_fallback,9,144,0.18750,0.92593,0.00000,0.00000,0.41381,0.79919,0.24398
