split,reference,metric,mean_diff,ci95_diff,lower95_diff,upper95_diff,seeds
actuator_saturation_shift,mean_world_model_mpc,task_success,0.08542,0.03010,0.05532,0.11552,10
actuator_saturation_shift,mean_world_model_mpc,hidden_mechanism_f1,0.40853,0.02871,0.37982,0.43724,10
actuator_saturation_shift,mean_world_model_mpc,unsafe_action,-0.05677,0.01945,-0.07623,-0.03732,10
actuator_saturation_shift,mean_world_model_mpc,false_abstention,0.01406,0.01159,0.00247,0.02565,10
actuator_saturation_shift,mean_world_model_mpc,bloat_index,0.02213,0.00487,0.01725,0.02700,10
actuator_saturation_shift,mean_world_model_mpc,oracle_regret,-0.03376,0.00870,-0.04246,-0.02506,10
actuator_saturation_shift,mean_world_model_mpc,robust_utility,0.14518,0.05717,0.08801,0.20236,10
actuator_saturation_shift,ensemble_variance_gate,task_success,0.17448,0.02778,0.14670,0.20226,10
actuator_saturation_shift,ensemble_variance_gate,hidden_mechanism_f1,0.17940,0.04116,0.13824,0.22056,10
actuator_saturation_shift,ensemble_variance_gate,unsafe_action,0.00729,0.02248,-0.01519,0.02977,10
actuator_saturation_shift,ensemble_variance_gate,false_abstention,-0.16354,0.01668,-0.18023,-0.14686,10
actuator_saturation_shift,ensemble_variance_gate,bloat_index,-0.25682,0.00531,-0.26213,-0.25151,10
actuator_saturation_shift,ensemble_variance_gate,oracle_regret,-0.12840,0.01148,-0.13988,-0.11692,10
actuator_saturation_shift,ensemble_variance_gate,robust_utility,0.36114,0.05373,0.30740,0.41487,10
actuator_saturation_shift,mc_dropout_uncertainty,task_success,0.20000,0.02753,0.17247,0.22753,10
actuator_saturation_shift,mc_dropout_uncertainty,hidden_mechanism_f1,0.20346,0.04581,0.15766,0.24927,10
actuator_saturation_shift,mc_dropout_uncertainty,unsafe_action,-0.01927,0.03163,-0.05090,0.01236,10
actuator_saturation_shift,mc_dropout_uncertainty,false_abstention,-0.15365,0.02836,-0.18201,-0.12529,10
actuator_saturation_shift,mc_dropout_uncertainty,bloat_index,-0.34730,0.00488,-0.35218,-0.34242,10
actuator_saturation_shift,mc_dropout_uncertainty,oracle_regret,-0.13218,0.01668,-0.14886,-0.11549,10
actuator_saturation_shift,mc_dropout_uncertainty,robust_utility,0.44190,0.07061,0.37129,0.51251,10
actuator_saturation_shift,conformal_risk_gate,task_success,0.28229,0.02644,0.25586,0.30873,10
actuator_saturation_shift,conformal_risk_gate,hidden_mechanism_f1,0.27002,0.03868,0.23134,0.30870,10
actuator_saturation_shift,conformal_risk_gate,unsafe_action,0.05937,0.01647,0.04290,0.07585,10
actuator_saturation_shift,conformal_risk_gate,false_abstention,-0.36042,0.02381,-0.38423,-0.33661,10
actuator_saturation_shift,conformal_risk_gate,bloat_index,-0.42034,0.00438,-0.42472,-0.41596,10
actuator_saturation_shift,conformal_risk_gate,oracle_regret,-0.23754,0.01303,-0.25057,-0.22450,10
actuator_saturation_shift,conformal_risk_gate,robust_utility,0.59113,0.04493,0.54620,0.63606,10
actuator_saturation_shift,epistemic_ensemble_planner,task_success,0.08854,0.03957,0.04898,0.12811,10
actuator_saturation_shift,epistemic_ensemble_planner,hidden_mechanism_f1,0.13051,0.02447,0.10604,0.15498,10
actuator_saturation_shift,epistemic_ensemble_planner,unsafe_action,-0.01198,0.02614,-0.03812,0.01416,10
actuator_saturation_shift,epistemic_ensemble_planner,false_abstention,-0.05104,0.03288,-0.08392,-0.01817,10
actuator_saturation_shift,epistemic_ensemble_planner,bloat_index,-0.18035,0.00374,-0.18409,-0.17661,10
actuator_saturation_shift,epistemic_ensemble_planner,oracle_regret,-0.05051,0.02038,-0.07089,-0.03013,10
actuator_saturation_shift,epistemic_ensemble_planner,robust_utility,0.19111,0.08431,0.10680,0.27543,10
actuator_saturation_shift,active_probe_then_plan,task_success,0.03646,0.02726,0.00919,0.06372,10
actuator_saturation_shift,active_probe_then_plan,hidden_mechanism_f1,0.02187,0.04238,-0.02050,0.06425,10
actuator_saturation_shift,active_probe_then_plan,unsafe_action,-0.04636,0.02218,-0.06854,-0.02418,10
actuator_saturation_shift,active_probe_then_plan,false_abstention,0.02708,0.02085,0.00623,0.04793,10
actuator_saturation_shift,active_probe_then_plan,bloat_index,0.01829,0.00745,0.01084,0.02574,10
actuator_saturation_shift,active_probe_then_plan,oracle_regret,0.00976,0.01413,-0.00437,0.02389,10
actuator_saturation_shift,active_probe_then_plan,robust_utility,0.07510,0.05346,0.02164,0.12855,10
actuator_saturation_shift,robust_mpc_fallback,task_success,-0.04166,0.02252,-0.06418,-0.01914,10
actuator_saturation_shift,robust_mpc_fallback,hidden_mechanism_f1,0.38541,0.03459,0.35082,0.42000,10
actuator_saturation_shift,robust_mpc_fallback,unsafe_action,0.06979,0.01750,0.05230,0.08729,10
actuator_saturation_shift,robust_mpc_fallback,false_abstention,0.02448,0.01913,0.00535,0.04361,10
actuator_saturation_shift,robust_mpc_fallback,bloat_index,-0.16562,0.00543,-0.17105,-0.16019,10
actuator_saturation_shift,robust_mpc_fallback,oracle_regret,0.02549,0.01158,0.01392,0.03707,10
actuator_saturation_shift,robust_mpc_fallback,robust_utility,-0.11639,0.04307,-0.15946,-0.07332,10
actuator_saturation_shift,residual_dynamics_repair,task_success,0.04167,0.02252,0.01915,0.06419,10
actuator_saturation_shift,residual_dynamics_repair,hidden_mechanism_f1,0.11606,0.03375,0.08231,0.14980,10
actuator_saturation_shift,residual_dynamics_repair,unsafe_action,-0.02448,0.02042,-0.04490,-0.00406,10
actuator_saturation_shift,residual_dynamics_repair,false_abstention,-0.00677,0.02318,-0.02995,0.01641,10
actuator_saturation_shift,residual_dynamics_repair,bloat_index,-0.06882,0.00468,-0.07350,-0.06413,10
actuator_saturation_shift,residual_dynamics_repair,oracle_regret,-0.01418,0.01517,-0.02936,0.00099,10
actuator_saturation_shift,residual_dynamics_repair,robust_utility,0.09727,0.05295,0.04432,0.15022,10
actuator_saturation_shift,bayesian_model_expansion,task_success,0.08073,0.02339,0.05734,0.10412,10
actuator_saturation_shift,bayesian_model_expansion,hidden_mechanism_f1,0.03877,0.04024,-0.00147,0.07901,10
actuator_saturation_shift,bayesian_model_expansion,unsafe_action,-0.01823,0.01311,-0.03134,-0.00512,10
actuator_saturation_shift,bayesian_model_expansion,false_abstention,-0.04219,0.02270,-0.06489,-0.01949,10
actuator_saturation_shift,bayesian_model_expansion,bloat_index,-0.08216,0.00437,-0.08653,-0.07778,10
actuator_saturation_shift,bayesian_model_expansion,oracle_regret,-0.03217,0.01297,-0.04514,-0.01920,10
actuator_saturation_shift,bayesian_model_expansion,robust_utility,0.15682,0.04048,0.11634,0.19731,10
actuator_saturation_shift,uncertainty_bloat_audit_v4,task_success,0.08438,0.01234,0.07203,0.09672,10
actuator_saturation_shift,uncertainty_bloat_audit_v4,hidden_mechanism_f1,0.10813,0.05056,0.05757,0.15870,10
actuator_saturation_shift,uncertainty_bloat_audit_v4,unsafe_action,-0.04166,0.01996,-0.06162,-0.02171,10
actuator_saturation_shift,uncertainty_bloat_audit_v4,false_abstention,-0.00417,0.01616,-0.02033,0.01199,10
actuator_saturation_shift,uncertainty_bloat_audit_v4,bloat_index,-0.17408,0.00415,-0.17823,-0.16994,10
actuator_saturation_shift,uncertainty_bloat_audit_v4,oracle_regret,-0.02654,0.01077,-0.03731,-0.01576,10
actuator_saturation_shift,uncertainty_bloat_audit_v4,robust_utility,0.19214,0.03462,0.15752,0.22676,10
actuator_saturation_shift,oracle_mechanics_repair,task_success,-0.08333,0.02851,-0.11184,-0.05482,10
actuator_saturation_shift,oracle_mechanics_repair,hidden_mechanism_f1,-0.08356,0.02804,-0.11160,-0.05552,10
actuator_saturation_shift,oracle_mechanics_repair,unsafe_action,0.02656,0.02170,0.00486,0.04827,10
actuator_saturation_shift,oracle_mechanics_repair,false_abstention,0.02448,0.01560,0.00888,0.04007,10
actuator_saturation_shift,oracle_mechanics_repair,bloat_index,0.20476,0.00517,0.19959,0.20994,10
actuator_saturation_shift,oracle_mechanics_repair,oracle_regret,0.02885,0.01056,0.01829,0.03941,10
actuator_saturation_shift,oracle_mechanics_repair,robust_utility,-0.19119,0.05685,-0.24804,-0.13433,10
actuator_saturation_shift,oracle_full_state_policy,task_success,-0.11094,0.02583,-0.13677,-0.08511,10
actuator_saturation_shift,oracle_full_state_policy,hidden_mechanism_f1,-0.10664,0.01980,-0.12644,-0.08685,10
actuator_saturation_shift,oracle_full_state_policy,unsafe_action,0.04791,0.02129,0.02662,0.06921,10
actuator_saturation_shift,oracle_full_state_policy,false_abstention,0.02656,0.01268,0.01388,0.03924,10
actuator_saturation_shift,oracle_full_state_policy,bloat_index,0.25307,0.00372,0.24935,0.25679,10
actuator_saturation_shift,oracle_full_state_policy,oracle_regret,0.03620,0.00943,0.02677,0.04562,10
actuator_saturation_shift,oracle_full_state_policy,robust_utility,-0.26349,0.04959,-0.31308,-0.21391,10
combined_missing_mechanics,mean_world_model_mpc,task_success,0.07865,0.03233,0.04631,0.11098,10
combined_missing_mechanics,mean_world_model_mpc,hidden_mechanism_f1,0.52259,0.03137,0.49122,0.55396,10
combined_missing_mechanics,mean_world_model_mpc,unsafe_action,-0.04218,0.02544,-0.06763,-0.01674,10
combined_missing_mechanics,mean_world_model_mpc,false_abstention,0.02083,0.02283,-0.00199,0.04366,10
combined_missing_mechanics,mean_world_model_mpc,bloat_index,0.00676,0.00494,0.00182,0.01171,10
combined_missing_mechanics,mean_world_model_mpc,oracle_regret,-0.04224,0.01255,-0.05479,-0.02969,10
combined_missing_mechanics,mean_world_model_mpc,robust_utility,0.12614,0.05199,0.07415,0.17813,10
combined_missing_mechanics,ensemble_variance_gate,task_success,0.15260,0.03447,0.11814,0.18707,10
combined_missing_mechanics,ensemble_variance_gate,hidden_mechanism_f1,0.23611,0.02764,0.20847,0.26374,10
combined_missing_mechanics,ensemble_variance_gate,unsafe_action,0.00313,0.02515,-0.02202,0.02828,10
combined_missing_mechanics,ensemble_variance_gate,false_abstention,-0.16302,0.02859,-0.19161,-0.13443,10
combined_missing_mechanics,ensemble_variance_gate,bloat_index,-0.26668,0.00410,-0.27078,-0.26258,10
combined_missing_mechanics,ensemble_variance_gate,oracle_regret,-0.14672,0.01576,-0.16249,-0.13096,10
combined_missing_mechanics,ensemble_variance_gate,robust_utility,0.35557,0.05793,0.29764,0.41350,10
combined_missing_mechanics,mc_dropout_uncertainty,task_success,0.16094,0.03034,0.13060,0.19128,10
combined_missing_mechanics,mc_dropout_uncertainty,hidden_mechanism_f1,0.23250,0.05074,0.18176,0.28324,10
combined_missing_mechanics,mc_dropout_uncertainty,unsafe_action,0.01406,0.01709,-0.00302,0.03115,10
combined_missing_mechanics,mc_dropout_uncertainty,false_abstention,-0.14219,0.03447,-0.17666,-0.10772,10
combined_missing_mechanics,mc_dropout_uncertainty,bloat_index,-0.35588,0.00404,-0.35992,-0.35183,10
combined_missing_mechanics,mc_dropout_uncertainty,oracle_regret,-0.13780,0.01860,-0.15639,-0.11920,10
combined_missing_mechanics,mc_dropout_uncertainty,robust_utility,0.36151,0.04616,0.31534,0.40767,10
combined_missing_mechanics,conformal_risk_gate,task_success,0.23281,0.01895,0.21387,0.25176,10
combined_missing_mechanics,conformal_risk_gate,hidden_mechanism_f1,0.37021,0.04034,0.32987,0.41055,10
combined_missing_mechanics,conformal_risk_gate,unsafe_action,0.10469,0.02128,0.08341,0.12596,10
combined_missing_mechanics,conformal_risk_gate,false_abstention,-0.35625,0.02556,-0.38181,-0.33069,10
combined_missing_mechanics,conformal_risk_gate,bloat_index,-0.43485,0.00574,-0.44059,-0.42911,10
combined_missing_mechanics,conformal_risk_gate,oracle_regret,-0.24808,0.01278,-0.26086,-0.23530,10
combined_missing_mechanics,conformal_risk_gate,robust_utility,0.49290,0.03256,0.46034,0.52546,10
combined_missing_mechanics,epistemic_ensemble_planner,task_success,0.06875,0.02657,0.04218,0.09532,10
combined_missing_mechanics,epistemic_ensemble_planner,hidden_mechanism_f1,0.15238,0.04055,0.11182,0.19293,10
combined_missing_mechanics,epistemic_ensemble_planner,unsafe_action,0.01615,0.02208,-0.00593,0.03822,10
combined_missing_mechanics,epistemic_ensemble_planner,false_abstention,-0.05260,0.02451,-0.07712,-0.02809,10
combined_missing_mechanics,epistemic_ensemble_planner,bloat_index,-0.18650,0.00615,-0.19266,-0.18035,10
combined_missing_mechanics,epistemic_ensemble_planner,oracle_regret,-0.06288,0.01428,-0.07716,-0.04860,10
combined_missing_mechanics,epistemic_ensemble_planner,robust_utility,0.14513,0.03890,0.10624,0.18403,10
combined_missing_mechanics,active_probe_then_plan,task_success,-0.01615,0.02771,-0.04385,0.01156,10
combined_missing_mechanics,active_probe_then_plan,hidden_mechanism_f1,0.02930,0.03525,-0.00594,0.06455,10
combined_missing_mechanics,active_probe_then_plan,unsafe_action,-0.00781,0.03079,-0.03860,0.02298,10
combined_missing_mechanics,active_probe_then_plan,false_abstention,0.03698,0.02350,0.01348,0.06048,10
combined_missing_mechanics,active_probe_then_plan,bloat_index,0.02075,0.00543,0.01532,0.02618,10
combined_missing_mechanics,active_probe_then_plan,oracle_regret,0.01966,0.01415,0.00550,0.03381,10
combined_missing_mechanics,active_probe_then_plan,robust_utility,-0.03488,0.06180,-0.09668,0.02692,10
combined_missing_mechanics,robust_mpc_fallback,task_success,-0.09010,0.02313,-0.11324,-0.06697,10
combined_missing_mechanics,robust_mpc_fallback,hidden_mechanism_f1,0.48935,0.03027,0.45908,0.51961,10
combined_missing_mechanics,robust_mpc_fallback,unsafe_action,0.10104,0.02294,0.07810,0.12398,10
combined_missing_mechanics,robust_mpc_fallback,false_abstention,0.03542,0.02898,0.00643,0.06440,10
combined_missing_mechanics,robust_mpc_fallback,bloat_index,-0.18105,0.00447,-0.18552,-0.17658,10
combined_missing_mechanics,robust_mpc_fallback,oracle_regret,0.02986,0.01497,0.01489,0.04484,10
combined_missing_mechanics,robust_mpc_fallback,robust_utility,-0.20592,0.03872,-0.24464,-0.16720,10
combined_missing_mechanics,residual_dynamics_repair,task_success,0.01406,0.02036,-0.00630,0.03443,10
combined_missing_mechanics,residual_dynamics_repair,hidden_mechanism_f1,0.11413,0.02581,0.08831,0.13994,10
combined_missing_mechanics,residual_dynamics_repair,unsafe_action,0.00052,0.01854,-0.01802,0.01906,10
combined_missing_mechanics,residual_dynamics_repair,false_abstention,0.00104,0.01947,-0.01843,0.02052,10
combined_missing_mechanics,residual_dynamics_repair,bloat_index,-0.07109,0.00319,-0.07428,-0.06790,10
combined_missing_mechanics,residual_dynamics_repair,oracle_regret,-0.01304,0.01172,-0.02476,-0.00132,10
combined_missing_mechanics,residual_dynamics_repair,robust_utility,0.03547,0.03964,-0.00417,0.07511,10
combined_missing_mechanics,bayesian_model_expansion,task_success,0.02656,0.03336,-0.00679,0.05992,10
combined_missing_mechanics,bayesian_model_expansion,hidden_mechanism_f1,0.05343,0.01922,0.03421,0.07265,10
combined_missing_mechanics,bayesian_model_expansion,unsafe_action,0.02344,0.01853,0.00491,0.04197,10
combined_missing_mechanics,bayesian_model_expansion,false_abstention,-0.04010,0.02632,-0.06642,-0.01379,10
combined_missing_mechanics,bayesian_model_expansion,bloat_index,-0.08297,0.00560,-0.08857,-0.07737,10
combined_missing_mechanics,bayesian_model_expansion,oracle_regret,-0.03142,0.01843,-0.04985,-0.01299,10
combined_missing_mechanics,bayesian_model_expansion,robust_utility,0.04982,0.06628,-0.01646,0.11610,10
combined_missing_mechanics,uncertainty_bloat_audit_v4,task_success,0.05469,0.03182,0.02287,0.08651,10
combined_missing_mechanics,uncertainty_bloat_audit_v4,hidden_mechanism_f1,0.17888,0.03662,0.14226,0.21551,10
combined_missing_mechanics,uncertainty_bloat_audit_v4,unsafe_action,-0.02344,0.02588,-0.04932,0.00244,10
combined_missing_mechanics,uncertainty_bloat_audit_v4,false_abstention,0.00625,0.02052,-0.01427,0.02677,10
combined_missing_mechanics,uncertainty_bloat_audit_v4,bloat_index,-0.17986,0.00494,-0.18480,-0.17492,10
combined_missing_mechanics,uncertainty_bloat_audit_v4,oracle_regret,-0.03047,0.01192,-0.04239,-0.01856,10
combined_missing_mechanics,uncertainty_bloat_audit_v4,robust_utility,0.13855,0.05869,0.07986,0.19724,10
combined_missing_mechanics,oracle_mechanics_repair,task_success,-0.13750,0.02880,-0.16630,-0.10870,10
combined_missing_mechanics,oracle_mechanics_repair,hidden_mechanism_f1,-0.14580,0.02054,-0.16634,-0.12526,10
combined_missing_mechanics,oracle_mechanics_repair,unsafe_action,0.06667,0.02215,0.04452,0.08882,10
combined_missing_mechanics,oracle_mechanics_repair,false_abstention,0.03177,0.01934,0.01243,0.05111,10
combined_missing_mechanics,oracle_mechanics_repair,bloat_index,0.22641,0.00317,0.22325,0.22958,10
combined_missing_mechanics,oracle_mechanics_repair,oracle_regret,0.04934,0.01140,0.03795,0.06074,10
combined_missing_mechanics,oracle_mechanics_repair,robust_utility,-0.31383,0.05196,-0.36579,-0.26187,10
combined_missing_mechanics,oracle_full_state_policy,task_success,-0.18333,0.01616,-0.19950,-0.16717,10
combined_missing_mechanics,oracle_full_state_policy,hidden_mechanism_f1,-0.17569,0.02153,-0.19722,-0.15416,10
combined_missing_mechanics,oracle_full_state_policy,unsafe_action,0.10156,0.02099,0.08057,0.12256,10
combined_missing_mechanics,oracle_full_state_policy,false_abstention,0.04271,0.00936,0.03335,0.05207,10
combined_missing_mechanics,oracle_full_state_policy,bloat_index,0.28320,0.00414,0.27905,0.28734,10
combined_missing_mechanics,oracle_full_state_policy,oracle_regret,0.06845,0.00483,0.06362,0.07329,10
combined_missing_mechanics,oracle_full_state_policy,robust_utility,-0.43305,0.03538,-0.46843,-0.39768,10
friction_contact_shift,mean_world_model_mpc,task_success,0.11823,0.04086,0.07736,0.15909,10
friction_contact_shift,mean_world_model_mpc,hidden_mechanism_f1,0.41323,0.05873,0.35450,0.47196,10
friction_contact_shift,mean_world_model_mpc,unsafe_action,-0.06823,0.02664,-0.09487,-0.04159,10
friction_contact_shift,mean_world_model_mpc,false_abstention,0.00729,0.01034,-0.00305,0.01763,10
friction_contact_shift,mean_world_model_mpc,bloat_index,0.02428,0.00687,0.01742,0.03115,10
friction_contact_shift,mean_world_model_mpc,oracle_regret,-0.03845,0.00686,-0.04531,-0.03160,10
friction_contact_shift,mean_world_model_mpc,robust_utility,0.19691,0.06920,0.12771,0.26611,10
friction_contact_shift,ensemble_variance_gate,task_success,0.19896,0.03693,0.16203,0.23588,10
friction_contact_shift,ensemble_variance_gate,hidden_mechanism_f1,0.17029,0.04475,0.12554,0.21505,10
friction_contact_shift,ensemble_variance_gate,unsafe_action,0.00469,0.02837,-0.02368,0.03305,10
friction_contact_shift,ensemble_variance_gate,false_abstention,-0.18802,0.03072,-0.21874,-0.15730,10
friction_contact_shift,ensemble_variance_gate,bloat_index,-0.25712,0.00571,-0.26284,-0.25141,10
friction_contact_shift,ensemble_variance_gate,oracle_regret,-0.14201,0.01936,-0.16137,-0.12264,10
friction_contact_shift,ensemble_variance_gate,robust_utility,0.40664,0.08650,0.32014,0.49314,10
friction_contact_shift,mc_dropout_uncertainty,task_success,0.18958,0.03611,0.15347,0.22570,10
friction_contact_shift,mc_dropout_uncertainty,hidden_mechanism_f1,0.15671,0.05661,0.10011,0.21332,10
friction_contact_shift,mc_dropout_uncertainty,unsafe_action,-0.00417,0.01912,-0.02328,0.01495,10
friction_contact_shift,mc_dropout_uncertainty,false_abstention,-0.16094,0.01471,-0.17565,-0.14623,10
friction_contact_shift,mc_dropout_uncertainty,bloat_index,-0.34440,0.00612,-0.35051,-0.33828,10
friction_contact_shift,mc_dropout_uncertainty,oracle_regret,-0.13338,0.00829,-0.14167,-0.12509,10
friction_contact_shift,mc_dropout_uncertainty,robust_utility,0.41573,0.05266,0.36307,0.46838,10
friction_contact_shift,conformal_risk_gate,task_success,0.32031,0.03082,0.28949,0.35113,10
friction_contact_shift,conformal_risk_gate,hidden_mechanism_f1,0.26474,0.04075,0.22398,0.30549,10
friction_contact_shift,conformal_risk_gate,unsafe_action,0.05208,0.01217,0.03991,0.06426,10
friction_contact_shift,conformal_risk_gate,false_abstention,-0.40417,0.01932,-0.42349,-0.38485,10
friction_contact_shift,conformal_risk_gate,bloat_index,-0.42160,0.00512,-0.42672,-0.41647,10
friction_contact_shift,conformal_risk_gate,oracle_regret,-0.26266,0.01078,-0.27344,-0.25189,10
friction_contact_shift,conformal_risk_gate,robust_utility,0.67067,0.04450,0.62617,0.71517,10
friction_contact_shift,epistemic_ensemble_planner,task_success,0.11041,0.02261,0.08780,0.13303,10
friction_contact_shift,epistemic_ensemble_planner,hidden_mechanism_f1,0.10246,0.03662,0.06584,0.13908,10
friction_contact_shift,epistemic_ensemble_planner,unsafe_action,-0.00938,0.01106,-0.02044,0.00168,10
friction_contact_shift,epistemic_ensemble_planner,false_abstention,-0.06459,0.01668,-0.08127,-0.04790,10
friction_contact_shift,epistemic_ensemble_planner,bloat_index,-0.17938,0.00601,-0.18539,-0.17338,10
friction_contact_shift,epistemic_ensemble_planner,oracle_regret,-0.05682,0.01065,-0.06747,-0.04617,10
friction_contact_shift,epistemic_ensemble_planner,robust_utility,0.21880,0.03746,0.18134,0.25626,10
friction_contact_shift,active_probe_then_plan,task_success,0.02239,0.02382,-0.00143,0.04622,10
friction_contact_shift,active_probe_then_plan,hidden_mechanism_f1,-0.00050,0.04152,-0.04202,0.04103,10
friction_contact_shift,active_probe_then_plan,unsafe_action,-0.02344,0.02071,-0.04415,-0.00273,10
friction_contact_shift,active_probe_then_plan,false_abstention,0.01406,0.01318,0.00088,0.02724,10
friction_contact_shift,active_probe_then_plan,bloat_index,0.01942,0.00484,0.01458,0.02426,10
friction_contact_shift,active_probe_then_plan,oracle_regret,0.00437,0.00845,-0.00409,0.01282,10
friction_contact_shift,active_probe_then_plan,robust_utility,0.04095,0.04490,-0.00395,0.08585,10
friction_contact_shift,robust_mpc_fallback,task_success,-0.05313,0.01875,-0.07188,-0.03438,10
friction_contact_shift,robust_mpc_fallback,hidden_mechanism_f1,0.33441,0.03142,0.30299,0.36582,10
friction_contact_shift,robust_mpc_fallback,unsafe_action,0.07083,0.01275,0.05808,0.08359,10
friction_contact_shift,robust_mpc_fallback,false_abstention,0.01302,0.01902,-0.00600,0.03204,10
friction_contact_shift,robust_mpc_fallback,bloat_index,-0.16334,0.00507,-0.16841,-0.15827,10
friction_contact_shift,robust_mpc_fallback,oracle_regret,0.01807,0.01132,0.00675,0.02939,10
friction_contact_shift,robust_mpc_fallback,robust_utility,-0.12110,0.03614,-0.15724,-0.08496,10
friction_contact_shift,residual_dynamics_repair,task_success,0.05885,0.02794,0.03091,0.08679,10
friction_contact_shift,residual_dynamics_repair,hidden_mechanism_f1,0.06320,0.03735,0.02585,0.10055,10
friction_contact_shift,residual_dynamics_repair,unsafe_action,-0.03229,0.01714,-0.04943,-0.01515,10
friction_contact_shift,residual_dynamics_repair,false_abstention,-0.00938,0.02119,-0.03056,0.01181,10
friction_contact_shift,residual_dynamics_repair,bloat_index,-0.06355,0.00651,-0.07006,-0.05704,10
friction_contact_shift,residual_dynamics_repair,oracle_regret,-0.01619,0.01294,-0.02914,-0.00325,10
friction_contact_shift,residual_dynamics_repair,robust_utility,0.12499,0.04550,0.07950,0.17049,10
friction_contact_shift,bayesian_model_expansion,task_success,0.07292,0.03447,0.03845,0.10738,10
friction_contact_shift,bayesian_model_expansion,hidden_mechanism_f1,0.01691,0.04466,-0.02775,0.06157,10
friction_contact_shift,bayesian_model_expansion,unsafe_action,-0.01406,0.01618,-0.03024,0.00212,10
friction_contact_shift,bayesian_model_expansion,false_abstention,-0.04583,0.01887,-0.06471,-0.02696,10
friction_contact_shift,bayesian_model_expansion,bloat_index,-0.08110,0.00500,-0.08609,-0.07610,10
friction_contact_shift,bayesian_model_expansion,oracle_regret,-0.03476,0.01069,-0.04545,-0.02407,10
friction_contact_shift,bayesian_model_expansion,robust_utility,0.14666,0.05386,0.09281,0.20052,10
friction_contact_shift,uncertainty_bloat_audit_v4,task_success,0.06979,0.03451,0.03528,0.10430,10
friction_contact_shift,uncertainty_bloat_audit_v4,hidden_mechanism_f1,0.10069,0.04353,0.05716,0.14421,10
friction_contact_shift,uncertainty_bloat_audit_v4,unsafe_action,-0.03646,0.01762,-0.05408,-0.01884,10
friction_contact_shift,uncertainty_bloat_audit_v4,false_abstention,-0.00677,0.02103,-0.02781,0.01426,10
friction_contact_shift,uncertainty_bloat_audit_v4,bloat_index,-0.17180,0.00610,-0.17789,-0.16570,10
friction_contact_shift,uncertainty_bloat_audit_v4,oracle_regret,-0.02654,0.01206,-0.03860,-0.01449,10
friction_contact_shift,uncertainty_bloat_audit_v4,robust_utility,0.17159,0.04866,0.12293,0.22024,10
friction_contact_shift,oracle_mechanics_repair,task_success,-0.07188,0.02898,-0.10086,-0.04289,10
friction_contact_shift,oracle_mechanics_repair,hidden_mechanism_f1,-0.08566,0.03074,-0.11640,-0.05492,10
friction_contact_shift,oracle_mechanics_repair,unsafe_action,0.02188,0.01289,0.00898,0.03477,10
friction_contact_shift,oracle_mechanics_repair,false_abstention,0.01406,0.01907,-0.00501,0.03313,10
friction_contact_shift,oracle_mechanics_repair,bloat_index,0.19937,0.00489,0.19448,0.20427,10
friction_contact_shift,oracle_mechanics_repair,oracle_regret,0.02029,0.01108,0.00921,0.03137,10
friction_contact_shift,oracle_mechanics_repair,robust_utility,-0.16352,0.04562,-0.20914,-0.11790,10
friction_contact_shift,oracle_full_state_policy,task_success,-0.10000,0.01450,-0.11450,-0.08550,10
friction_contact_shift,oracle_full_state_policy,hidden_mechanism_f1,-0.10504,0.02831,-0.13335,-0.07674,10
friction_contact_shift,oracle_full_state_policy,unsafe_action,0.05208,0.01065,0.04143,0.06274,10
friction_contact_shift,oracle_full_state_policy,false_abstention,0.01510,0.01823,-0.00312,0.03333,10
friction_contact_shift,oracle_full_state_policy,bloat_index,0.24929,0.00573,0.24356,0.25501,10
friction_contact_shift,oracle_full_state_policy,oracle_regret,0.02857,0.01167,0.01690,0.04023,10
friction_contact_shift,oracle_full_state_policy,robust_utility,-0.24797,0.03288,-0.28085,-0.21509,10
latency_hysteresis_shift,mean_world_model_mpc,task_success,0.09531,0.02131,0.07401,0.11662,10
latency_hysteresis_shift,mean_world_model_mpc,hidden_mechanism_f1,0.35623,0.02493,0.33130,0.38116,10
latency_hysteresis_shift,mean_world_model_mpc,unsafe_action,-0.06771,0.01646,-0.08417,-0.05125,10
latency_hysteresis_shift,mean_world_model_mpc,false_abstention,0.01458,0.01325,0.00133,0.02783,10
latency_hysteresis_shift,mean_world_model_mpc,bloat_index,0.03004,0.00400,0.02604,0.03404,10
latency_hysteresis_shift,mean_world_model_mpc,oracle_regret,-0.03574,0.00843,-0.04417,-0.02730,10
latency_hysteresis_shift,mean_world_model_mpc,robust_utility,0.16729,0.04490,0.12239,0.21219,10
latency_hysteresis_shift,ensemble_variance_gate,task_success,0.18073,0.02904,0.15169,0.20976,10
latency_hysteresis_shift,ensemble_variance_gate,hidden_mechanism_f1,0.09366,0.04981,0.04385,0.14347,10
latency_hysteresis_shift,ensemble_variance_gate,unsafe_action,-0.00156,0.01310,-0.01466,0.01153,10
latency_hysteresis_shift,ensemble_variance_gate,false_abstention,-0.18333,0.02555,-0.20888,-0.15779,10
latency_hysteresis_shift,ensemble_variance_gate,bloat_index,-0.24971,0.00489,-0.25460,-0.24481,10
latency_hysteresis_shift,ensemble_variance_gate,oracle_regret,-0.14243,0.01443,-0.15687,-0.12800,10
latency_hysteresis_shift,ensemble_variance_gate,robust_utility,0.39204,0.04474,0.34730,0.43679,10
latency_hysteresis_shift,mc_dropout_uncertainty,task_success,0.17969,0.02868,0.15100,0.20837,10
latency_hysteresis_shift,mc_dropout_uncertainty,hidden_mechanism_f1,0.07215,0.04120,0.03094,0.11335,10
latency_hysteresis_shift,mc_dropout_uncertainty,unsafe_action,-0.00937,0.01700,-0.02638,0.00763,10
latency_hysteresis_shift,mc_dropout_uncertainty,false_abstention,-0.17188,0.02440,-0.19627,-0.14748,10
latency_hysteresis_shift,mc_dropout_uncertainty,bloat_index,-0.33549,0.00469,-0.34018,-0.33080,10
latency_hysteresis_shift,mc_dropout_uncertainty,oracle_regret,-0.14217,0.01505,-0.15722,-0.12712,10
latency_hysteresis_shift,mc_dropout_uncertainty,robust_utility,0.41938,0.06108,0.35830,0.48045,10
latency_hysteresis_shift,conformal_risk_gate,task_success,0.29636,0.02234,0.27402,0.31869,10
latency_hysteresis_shift,conformal_risk_gate,hidden_mechanism_f1,0.24856,0.04090,0.20766,0.28946,10
latency_hysteresis_shift,conformal_risk_gate,unsafe_action,0.06250,0.01428,0.04822,0.07678,10
latency_hysteresis_shift,conformal_risk_gate,false_abstention,-0.40677,0.01928,-0.42605,-0.38749,10
latency_hysteresis_shift,conformal_risk_gate,bloat_index,-0.41829,0.00406,-0.42234,-0.41423,10
latency_hysteresis_shift,conformal_risk_gate,oracle_regret,-0.26513,0.01171,-0.27684,-0.25341,10
latency_hysteresis_shift,conformal_risk_gate,robust_utility,0.63521,0.04795,0.58726,0.68315,10
latency_hysteresis_shift,epistemic_ensemble_planner,task_success,0.07448,0.02468,0.04980,0.09916,10
latency_hysteresis_shift,epistemic_ensemble_planner,hidden_mechanism_f1,0.07218,0.04573,0.02645,0.11791,10
latency_hysteresis_shift,epistemic_ensemble_planner,unsafe_action,-0.00677,0.01395,-0.02072,0.00718,10
latency_hysteresis_shift,epistemic_ensemble_planner,false_abstention,-0.05781,0.01963,-0.07745,-0.03818,10
latency_hysteresis_shift,epistemic_ensemble_planner,bloat_index,-0.17501,0.00493,-0.17994,-0.17008,10
latency_hysteresis_shift,epistemic_ensemble_planner,oracle_regret,-0.05499,0.01107,-0.06606,-0.04392,10
latency_hysteresis_shift,epistemic_ensemble_planner,robust_utility,0.17450,0.03629,0.13820,0.21079,10
latency_hysteresis_shift,active_probe_then_plan,task_success,0.00104,0.02366,-0.02262,0.02471,10
latency_hysteresis_shift,active_probe_then_plan,hidden_mechanism_f1,-0.01392,0.03168,-0.04560,0.01775,10
latency_hysteresis_shift,active_probe_then_plan,unsafe_action,-0.04219,0.01711,-0.05930,-0.02508,10
latency_hysteresis_shift,active_probe_then_plan,false_abstention,0.01771,0.01583,0.00188,0.03354,10
latency_hysteresis_shift,active_probe_then_plan,bloat_index,0.02096,0.00310,0.01786,0.02405,10
latency_hysteresis_shift,active_probe_then_plan,oracle_regret,0.00392,0.00797,-0.00405,0.01188,10
latency_hysteresis_shift,active_probe_then_plan,robust_utility,0.04066,0.03635,0.00431,0.07701,10
latency_hysteresis_shift,robust_mpc_fallback,task_success,-0.07292,0.01674,-0.08966,-0.05618,10
latency_hysteresis_shift,robust_mpc_fallback,hidden_mechanism_f1,0.32249,0.04465,0.27784,0.36715,10
latency_hysteresis_shift,robust_mpc_fallback,unsafe_action,0.07552,0.00916,0.06636,0.08468,10
latency_hysteresis_shift,robust_mpc_fallback,false_abstention,0.00937,0.01558,-0.00620,0.02495,10
latency_hysteresis_shift,robust_mpc_fallback,bloat_index,-0.16007,0.00426,-0.16434,-0.15581,10
latency_hysteresis_shift,robust_mpc_fallback,oracle_regret,0.01647,0.00873,0.00774,0.02520,10
latency_hysteresis_shift,robust_mpc_fallback,robust_utility,-0.14521,0.02787,-0.17308,-0.11734,10
latency_hysteresis_shift,residual_dynamics_repair,task_success,0.02656,0.01897,0.00759,0.04554,10
latency_hysteresis_shift,residual_dynamics_repair,hidden_mechanism_f1,0.05666,0.03205,0.02461,0.08871,10
latency_hysteresis_shift,residual_dynamics_repair,unsafe_action,-0.03281,0.01318,-0.04599,-0.01963,10
latency_hysteresis_shift,residual_dynamics_repair,false_abstention,-0.00156,0.00664,-0.00821,0.00508,10
latency_hysteresis_shift,residual_dynamics_repair,bloat_index,-0.06025,0.00384,-0.06409,-0.05642,10
latency_hysteresis_shift,residual_dynamics_repair,oracle_regret,-0.01214,0.00499,-0.01713,-0.00716,10
latency_hysteresis_shift,residual_dynamics_repair,robust_utility,0.08690,0.03132,0.05558,0.11822,10
latency_hysteresis_shift,bayesian_model_expansion,task_success,0.03802,0.01715,0.02087,0.05518,10
latency_hysteresis_shift,bayesian_model_expansion,hidden_mechanism_f1,0.01916,0.04379,-0.02463,0.06295,10
latency_hysteresis_shift,bayesian_model_expansion,unsafe_action,-0.00729,0.01275,-0.02004,0.00546,10
latency_hysteresis_shift,bayesian_model_expansion,false_abstention,-0.04062,0.01893,-0.05956,-0.02169,10
latency_hysteresis_shift,bayesian_model_expansion,bloat_index,-0.08058,0.00387,-0.08445,-0.07672,10
latency_hysteresis_shift,bayesian_model_expansion,oracle_regret,-0.03165,0.01019,-0.04184,-0.02146,10
latency_hysteresis_shift,bayesian_model_expansion,robust_utility,0.09908,0.02877,0.07032,0.12785,10
latency_hysteresis_shift,uncertainty_bloat_audit_v4,task_success,0.06146,0.02462,0.03684,0.08608,10
latency_hysteresis_shift,uncertainty_bloat_audit_v4,hidden_mechanism_f1,0.07260,0.04648,0.02612,0.11908,10
latency_hysteresis_shift,uncertainty_bloat_audit_v4,unsafe_action,-0.05156,0.01533,-0.06689,-0.03624,10
latency_hysteresis_shift,uncertainty_bloat_audit_v4,false_abstention,-0.00833,0.01859,-0.02692,0.01026,10
latency_hysteresis_shift,uncertainty_bloat_audit_v4,bloat_index,-0.16913,0.00591,-0.17503,-0.16322,10
latency_hysteresis_shift,uncertainty_bloat_audit_v4,oracle_regret,-0.03248,0.01111,-0.04359,-0.02138,10
latency_hysteresis_shift,uncertainty_bloat_audit_v4,robust_utility,0.18416,0.04575,0.13841,0.22992,10
latency_hysteresis_shift,oracle_mechanics_repair,task_success,-0.08906,0.02516,-0.11423,-0.06390,10
latency_hysteresis_shift,oracle_mechanics_repair,hidden_mechanism_f1,-0.12654,0.03920,-0.16574,-0.08733,10
latency_hysteresis_shift,oracle_mechanics_repair,unsafe_action,0.01562,0.01395,0.00168,0.02957,10
latency_hysteresis_shift,oracle_mechanics_repair,false_abstention,0.01875,0.00733,0.01142,0.02608,10
latency_hysteresis_shift,oracle_mechanics_repair,bloat_index,0.20663,0.00527,0.20135,0.21190,10
latency_hysteresis_shift,oracle_mechanics_repair,oracle_regret,0.02255,0.00441,0.01814,0.02696,10
latency_hysteresis_shift,oracle_mechanics_repair,robust_utility,-0.17873,0.03923,-0.21796,-0.13950,10
latency_hysteresis_shift,oracle_full_state_policy,task_success,-0.09792,0.02950,-0.12742,-0.06842,10
latency_hysteresis_shift,oracle_full_state_policy,hidden_mechanism_f1,-0.14434,0.03151,-0.17585,-0.11282,10
latency_hysteresis_shift,oracle_full_state_policy,unsafe_action,0.03594,0.00853,0.02740,0.04447,10
latency_hysteresis_shift,oracle_full_state_policy,false_abstention,0.01667,0.01325,0.00342,0.02991,10
latency_hysteresis_shift,oracle_full_state_policy,bloat_index,0.25688,0.00496,0.25193,0.26184,10
latency_hysteresis_shift,oracle_full_state_policy,oracle_regret,0.02871,0.00893,0.01977,0.03764,10
latency_hysteresis_shift,oracle_full_state_policy,robust_utility,-0.22888,0.04381,-0.27269,-0.18507,10
latent_fixture_snag_shift,mean_world_model_mpc,task_success,0.10781,0.02998,0.07783,0.13779,10
latent_fixture_snag_shift,mean_world_model_mpc,hidden_mechanism_f1,0.41927,0.04279,0.37648,0.46206,10
latent_fixture_snag_shift,mean_world_model_mpc,unsafe_action,-0.06302,0.02213,-0.08515,-0.04089,10
latent_fixture_snag_shift,mean_world_model_mpc,false_abstention,0.02552,0.01222,0.01330,0.03774,10
latent_fixture_snag_shift,mean_world_model_mpc,bloat_index,0.01993,0.00531,0.01462,0.02524,10
latent_fixture_snag_shift,mean_world_model_mpc,oracle_regret,-0.03414,0.00867,-0.04280,-0.02547,10
latent_fixture_snag_shift,mean_world_model_mpc,robust_utility,0.16995,0.05805,0.11190,0.22800,10
latent_fixture_snag_shift,ensemble_variance_gate,task_success,0.18594,0.03804,0.14789,0.22398,10
latent_fixture_snag_shift,ensemble_variance_gate,hidden_mechanism_f1,0.15740,0.06847,0.08893,0.22587,10
latent_fixture_snag_shift,ensemble_variance_gate,unsafe_action,0.00625,0.01924,-0.01298,0.02549,10
latent_fixture_snag_shift,ensemble_variance_gate,false_abstention,-0.15417,0.02175,-0.17591,-0.13242,10
latent_fixture_snag_shift,ensemble_variance_gate,bloat_index,-0.25493,0.00787,-0.26281,-0.24706,10
latent_fixture_snag_shift,ensemble_variance_gate,oracle_regret,-0.12969,0.01458,-0.14427,-0.11510,10
latent_fixture_snag_shift,ensemble_variance_gate,robust_utility,0.36869,0.07182,0.29687,0.44050,10
latent_fixture_snag_shift,mc_dropout_uncertainty,task_success,0.18594,0.03260,0.15333,0.21854,10
latent_fixture_snag_shift,mc_dropout_uncertainty,hidden_mechanism_f1,0.18176,0.02097,0.16080,0.20273,10
latent_fixture_snag_shift,mc_dropout_uncertainty,unsafe_action,0.01875,0.01238,0.00637,0.03113,10
latent_fixture_snag_shift,mc_dropout_uncertainty,false_abstention,-0.16771,0.02302,-0.19073,-0.14469,10
latent_fixture_snag_shift,mc_dropout_uncertainty,bloat_index,-0.34769,0.00493,-0.35262,-0.34276,10
latent_fixture_snag_shift,mc_dropout_uncertainty,oracle_regret,-0.14155,0.01516,-0.15670,-0.12639,10
latent_fixture_snag_shift,mc_dropout_uncertainty,robust_utility,0.39066,0.05727,0.33339,0.44793,10
latent_fixture_snag_shift,conformal_risk_gate,task_success,0.28802,0.03420,0.25382,0.32222,10
latent_fixture_snag_shift,conformal_risk_gate,hidden_mechanism_f1,0.31237,0.04299,0.26939,0.35536,10
latent_fixture_snag_shift,conformal_risk_gate,unsafe_action,0.07708,0.01543,0.06165,0.09251,10
latent_fixture_snag_shift,conformal_risk_gate,false_abstention,-0.36979,0.01596,-0.38575,-0.35383,10
latent_fixture_snag_shift,conformal_risk_gate,bloat_index,-0.42576,0.00734,-0.43310,-0.41843,10
latent_fixture_snag_shift,conformal_risk_gate,oracle_regret,-0.24785,0.01086,-0.25871,-0.23698,10
latent_fixture_snag_shift,conformal_risk_gate,robust_utility,0.58442,0.05953,0.52489,0.64395,10
latent_fixture_snag_shift,epistemic_ensemble_planner,task_success,0.07396,0.03375,0.04021,0.10771,10
latent_fixture_snag_shift,epistemic_ensemble_planner,hidden_mechanism_f1,0.13040,0.03922,0.09119,0.16962,10
latent_fixture_snag_shift,epistemic_ensemble_planner,unsafe_action,0.00990,0.01915,-0.00926,0.02905,10
latent_fixture_snag_shift,epistemic_ensemble_planner,false_abstention,-0.05000,0.01429,-0.06429,-0.03571,10
latent_fixture_snag_shift,epistemic_ensemble_planner,bloat_index,-0.18174,0.00612,-0.18786,-0.17562,10
latent_fixture_snag_shift,epistemic_ensemble_planner,oracle_regret,-0.05334,0.00982,-0.06316,-0.04352,10
latent_fixture_snag_shift,epistemic_ensemble_planner,robust_utility,0.14976,0.05772,0.09204,0.20747,10
latent_fixture_snag_shift,active_probe_then_plan,task_success,-0.00938,0.02942,-0.03880,0.02005,10
latent_fixture_snag_shift,active_probe_then_plan,hidden_mechanism_f1,0.02470,0.03477,-0.01007,0.05947,10
latent_fixture_snag_shift,active_probe_then_plan,unsafe_action,-0.01562,0.02189,-0.03752,0.00627,10
latent_fixture_snag_shift,active_probe_then_plan,false_abstention,0.02969,0.00987,0.01982,0.03956,10
latent_fixture_snag_shift,active_probe_then_plan,bloat_index,0.01993,0.00657,0.01336,0.02650,10
latent_fixture_snag_shift,active_probe_then_plan,oracle_regret,0.01315,0.00705,0.00610,0.02020,10
latent_fixture_snag_shift,active_probe_then_plan,robust_utility,-0.01276,0.05393,-0.06670,0.04117,10
latent_fixture_snag_shift,robust_mpc_fallback,task_success,-0.04688,0.02907,-0.07595,-0.01780,10
latent_fixture_snag_shift,robust_mpc_fallback,hidden_mechanism_f1,0.42267,0.03949,0.38318,0.46215,10
latent_fixture_snag_shift,robust_mpc_fallback,unsafe_action,0.09063,0.01696,0.07367,0.10758,10
latent_fixture_snag_shift,robust_mpc_fallback,false_abstention,0.02708,0.01393,0.01315,0.04101,10
latent_fixture_snag_shift,robust_mpc_fallback,bloat_index,-0.16926,0.00483,-0.17409,-0.16444,10
latent_fixture_snag_shift,robust_mpc_fallback,oracle_regret,0.02639,0.00785,0.01854,0.03425,10
latent_fixture_snag_shift,robust_mpc_fallback,robust_utility,-0.14910,0.04931,-0.19841,-0.09980,10
latent_fixture_snag_shift,residual_dynamics_repair,task_success,0.03698,0.03602,0.00095,0.07300,10
latent_fixture_snag_shift,residual_dynamics_repair,hidden_mechanism_f1,0.09399,0.04652,0.04747,0.14051,10
latent_fixture_snag_shift,residual_dynamics_repair,unsafe_action,-0.01354,0.02082,-0.03436,0.00728,10
latent_fixture_snag_shift,residual_dynamics_repair,false_abstention,0.00260,0.01338,-0.01077,0.01598,10
latent_fixture_snag_shift,residual_dynamics_repair,bloat_index,-0.06744,0.00737,-0.07481,-0.06007,10
latent_fixture_snag_shift,residual_dynamics_repair,oracle_regret,-0.01154,0.00985,-0.02139,-0.00170,10
latent_fixture_snag_shift,residual_dynamics_repair,robust_utility,0.07185,0.06330,0.00855,0.13515,10
latent_fixture_snag_shift,bayesian_model_expansion,task_success,0.04740,0.05340,-0.00601,0.10080,10
latent_fixture_snag_shift,bayesian_model_expansion,hidden_mechanism_f1,0.04216,0.03012,0.01204,0.07228,10
latent_fixture_snag_shift,bayesian_model_expansion,unsafe_action,0.00469,0.02720,-0.02251,0.03189,10
latent_fixture_snag_shift,bayesian_model_expansion,false_abstention,-0.02396,0.01099,-0.03495,-0.01296,10
latent_fixture_snag_shift,bayesian_model_expansion,bloat_index,-0.08317,0.00637,-0.08954,-0.07680,10
latent_fixture_snag_shift,bayesian_model_expansion,oracle_regret,-0.02345,0.00948,-0.03293,-0.01397,10
latent_fixture_snag_shift,bayesian_model_expansion,robust_utility,0.08143,0.09014,-0.00871,0.17157,10
latent_fixture_snag_shift,uncertainty_bloat_audit_v4,task_success,0.06042,0.03904,0.02138,0.09946,10
latent_fixture_snag_shift,uncertainty_bloat_audit_v4,hidden_mechanism_f1,0.12102,0.04487,0.07616,0.16589,10
latent_fixture_snag_shift,uncertainty_bloat_audit_v4,unsafe_action,-0.02344,0.01865,-0.04209,-0.00478,10
latent_fixture_snag_shift,uncertainty_bloat_audit_v4,false_abstention,0.00677,0.01589,-0.00912,0.02266,10
latent_fixture_snag_shift,uncertainty_bloat_audit_v4,bloat_index,-0.17468,0.00505,-0.17973,-0.16963,10
latent_fixture_snag_shift,uncertainty_bloat_audit_v4,oracle_regret,-0.02435,0.01166,-0.03601,-0.01269,10
latent_fixture_snag_shift,uncertainty_bloat_audit_v4,robust_utility,0.13777,0.06605,0.07172,0.20382,10
latent_fixture_snag_shift,oracle_mechanics_repair,task_success,-0.11042,0.03238,-0.14280,-0.07804,10
latent_fixture_snag_shift,oracle_mechanics_repair,hidden_mechanism_f1,-0.12435,0.01919,-0.14354,-0.10517,10
latent_fixture_snag_shift,oracle_mechanics_repair,unsafe_action,0.04375,0.01363,0.03012,0.05738,10
latent_fixture_snag_shift,oracle_mechanics_repair,false_abstention,0.03490,0.00998,0.02491,0.04488,10
latent_fixture_snag_shift,oracle_mechanics_repair,bloat_index,0.21202,0.00473,0.20729,0.21674,10
latent_fixture_snag_shift,oracle_mechanics_repair,oracle_regret,0.03676,0.00738,0.02939,0.04414,10
latent_fixture_snag_shift,oracle_mechanics_repair,robust_utility,-0.25105,0.05009,-0.30113,-0.20096,10
latent_fixture_snag_shift,oracle_full_state_policy,task_success,-0.13542,0.03327,-0.16869,-0.10215,10
latent_fixture_snag_shift,oracle_full_state_policy,hidden_mechanism_f1,-0.15005,0.01926,-0.16931,-0.13079,10
latent_fixture_snag_shift,oracle_full_state_policy,unsafe_action,0.07083,0.01821,0.05263,0.08904,10
latent_fixture_snag_shift,oracle_full_state_policy,false_abstention,0.02135,0.01304,0.00831,0.03440,10
latent_fixture_snag_shift,oracle_full_state_policy,bloat_index,0.26187,0.00563,0.25624,0.26750,10
latent_fixture_snag_shift,oracle_full_state_policy,oracle_regret,0.03786,0.00987,0.02800,0.04773,10
latent_fixture_snag_shift,oracle_full_state_policy,robust_utility,-0.31868,0.05418,-0.37286,-0.26450,10
missing_contact_mode_shift,mean_world_model_mpc,task_success,0.10104,0.02253,0.07851,0.12357,10
missing_contact_mode_shift,mean_world_model_mpc,hidden_mechanism_f1,0.45788,0.03253,0.42535,0.49040,10
missing_contact_mode_shift,mean_world_model_mpc,unsafe_action,-0.05625,0.01666,-0.07291,-0.03959,10
missing_contact_mode_shift,mean_world_model_mpc,false_abstention,0.02135,0.00753,0.01383,0.02888,10
missing_contact_mode_shift,mean_world_model_mpc,bloat_index,0.01132,0.00438,0.00694,0.01569,10
missing_contact_mode_shift,mean_world_model_mpc,oracle_regret,-0.03958,0.00581,-0.04538,-0.03377,10
missing_contact_mode_shift,mean_world_model_mpc,robust_utility,0.16183,0.03979,0.12204,0.20162,10
missing_contact_mode_shift,ensemble_variance_gate,task_success,0.19635,0.02013,0.17622,0.21649,10
missing_contact_mode_shift,ensemble_variance_gate,hidden_mechanism_f1,0.15809,0.03653,0.12156,0.19462,10
missing_contact_mode_shift,ensemble_variance_gate,unsafe_action,-0.00833,0.01546,-0.02379,0.00713,10
missing_contact_mode_shift,ensemble_variance_gate,false_abstention,-0.16615,0.02061,-0.18676,-0.14554,10
missing_contact_mode_shift,ensemble_variance_gate,bloat_index,-0.25972,0.00548,-0.26520,-0.25425,10
missing_contact_mode_shift,ensemble_variance_gate,oracle_regret,-0.14226,0.01186,-0.15412,-0.13039,10
missing_contact_mode_shift,ensemble_variance_gate,robust_utility,0.41036,0.03997,0.37038,0.45033,10
missing_contact_mode_shift,mc_dropout_uncertainty,task_success,0.18542,0.03697,0.14845,0.22239,10
missing_contact_mode_shift,mc_dropout_uncertainty,hidden_mechanism_f1,0.18558,0.03903,0.14655,0.22461,10
missing_contact_mode_shift,mc_dropout_uncertainty,unsafe_action,0.00990,0.02067,-0.01077,0.03056,10
missing_contact_mode_shift,mc_dropout_uncertainty,false_abstention,-0.16927,0.02593,-0.19520,-0.14335,10
missing_contact_mode_shift,mc_dropout_uncertainty,bloat_index,-0.35459,0.00524,-0.35984,-0.34935,10
missing_contact_mode_shift,mc_dropout_uncertainty,oracle_regret,-0.14844,0.01573,-0.16417,-0.13271,10
missing_contact_mode_shift,mc_dropout_uncertainty,robust_utility,0.40744,0.06630,0.34114,0.47375,10
missing_contact_mode_shift,conformal_risk_gate,task_success,0.26719,0.02184,0.24534,0.28903,10
missing_contact_mode_shift,conformal_risk_gate,hidden_mechanism_f1,0.33504,0.03309,0.30196,0.36813,10
missing_contact_mode_shift,conformal_risk_gate,unsafe_action,0.05885,0.02463,0.03422,0.08349,10
missing_contact_mode_shift,conformal_risk_gate,false_abstention,-0.35104,0.02552,-0.37656,-0.32553,10
missing_contact_mode_shift,conformal_risk_gate,bloat_index,-0.43065,0.00444,-0.43509,-0.42620,10
missing_contact_mode_shift,conformal_risk_gate,oracle_regret,-0.24308,0.01240,-0.25549,-0.23068,10
missing_contact_mode_shift,conformal_risk_gate,robust_utility,0.57725,0.03892,0.53833,0.61617,10
missing_contact_mode_shift,epistemic_ensemble_planner,task_success,0.10677,0.03359,0.07318,0.14036,10
missing_contact_mode_shift,epistemic_ensemble_planner,hidden_mechanism_f1,0.13663,0.03587,0.10075,0.17250,10
missing_contact_mode_shift,epistemic_ensemble_planner,unsafe_action,-0.01719,0.01807,-0.03526,0.00089,10
missing_contact_mode_shift,epistemic_ensemble_planner,false_abstention,-0.05469,0.01320,-0.06789,-0.04149,10
missing_contact_mode_shift,epistemic_ensemble_planner,bloat_index,-0.18673,0.00524,-0.19198,-0.18149,10
missing_contact_mode_shift,epistemic_ensemble_planner,oracle_regret,-0.06207,0.00747,-0.06954,-0.05460,10
missing_contact_mode_shift,epistemic_ensemble_planner,robust_utility,0.22444,0.04840,0.17603,0.27284,10
missing_contact_mode_shift,active_probe_then_plan,task_success,0.01666,0.03144,-0.01477,0.04810,10
missing_contact_mode_shift,active_probe_then_plan,hidden_mechanism_f1,0.00441,0.03443,-0.03002,0.03885,10
missing_contact_mode_shift,active_probe_then_plan,unsafe_action,-0.02969,0.01876,-0.04845,-0.01092,10
missing_contact_mode_shift,active_probe_then_plan,false_abstention,0.02760,0.01327,0.01433,0.04087,10
missing_contact_mode_shift,active_probe_then_plan,bloat_index,0.01818,0.00439,0.01379,0.02258,10
missing_contact_mode_shift,active_probe_then_plan,oracle_regret,0.01083,0.00669,0.00414,0.01751,10
missing_contact_mode_shift,active_probe_then_plan,robust_utility,0.03315,0.04791,-0.01475,0.08106,10
missing_contact_mode_shift,robust_mpc_fallback,task_success,-0.04479,0.03468,-0.07947,-0.01012,10
missing_contact_mode_shift,robust_mpc_fallback,hidden_mechanism_f1,0.42120,0.03006,0.39114,0.45126,10
missing_contact_mode_shift,robust_mpc_fallback,unsafe_action,0.07552,0.01501,0.06051,0.09053,10
missing_contact_mode_shift,robust_mpc_fallback,false_abstention,0.03385,0.01079,0.02306,0.04464,10
missing_contact_mode_shift,robust_mpc_fallback,bloat_index,-0.17520,0.00277,-0.17797,-0.17243,10
missing_contact_mode_shift,robust_mpc_fallback,oracle_regret,0.02724,0.00585,0.02139,0.03308,10
missing_contact_mode_shift,robust_mpc_fallback,robust_utility,-0.12972,0.04551,-0.17523,-0.08422,10
missing_contact_mode_shift,residual_dynamics_repair,task_success,0.04271,0.02670,0.01601,0.06940,10
missing_contact_mode_shift,residual_dynamics_repair,hidden_mechanism_f1,0.09493,0.04459,0.05034,0.13953,10
missing_contact_mode_shift,residual_dynamics_repair,unsafe_action,-0.03281,0.02092,-0.05374,-0.01189,10
missing_contact_mode_shift,residual_dynamics_repair,false_abstention,0.01719,0.01255,0.00463,0.02974,10
missing_contact_mode_shift,residual_dynamics_repair,bloat_index,-0.07071,0.00530,-0.07601,-0.06542,10
missing_contact_mode_shift,residual_dynamics_repair,oracle_regret,-0.00782,0.00801,-0.01583,0.00019,10
missing_contact_mode_shift,residual_dynamics_repair,robust_utility,0.09428,0.04112,0.05316,0.13540,10
missing_contact_mode_shift,bayesian_model_expansion,task_success,0.06198,0.04515,0.01682,0.10713,10
missing_contact_mode_shift,bayesian_model_expansion,hidden_mechanism_f1,0.02890,0.02587,0.00302,0.05477,10
missing_contact_mode_shift,bayesian_model_expansion,unsafe_action,-0.01094,0.02089,-0.03183,0.00995,10
missing_contact_mode_shift,bayesian_model_expansion,false_abstention,-0.03750,0.02337,-0.06087,-0.01413,10
missing_contact_mode_shift,bayesian_model_expansion,bloat_index,-0.08401,0.00516,-0.08917,-0.07884,10
missing_contact_mode_shift,bayesian_model_expansion,oracle_regret,-0.03311,0.01481,-0.04793,-0.01830,10
missing_contact_mode_shift,bayesian_model_expansion,robust_utility,0.12771,0.07790,0.04980,0.20561,10
missing_contact_mode_shift,uncertainty_bloat_audit_v4,task_success,0.08177,0.04943,0.03234,0.13120,10
missing_contact_mode_shift,uncertainty_bloat_audit_v4,hidden_mechanism_f1,0.11997,0.03402,0.08595,0.15399,10
missing_contact_mode_shift,uncertainty_bloat_audit_v4,unsafe_action,-0.04115,0.02275,-0.06389,-0.01840,10
missing_contact_mode_shift,uncertainty_bloat_audit_v4,false_abstention,0.00469,0.01250,-0.00781,0.01718,10
missing_contact_mode_shift,uncertainty_bloat_audit_v4,bloat_index,-0.17587,0.00327,-0.17914,-0.17260,10
missing_contact_mode_shift,uncertainty_bloat_audit_v4,oracle_regret,-0.02855,0.00631,-0.03486,-0.02224,10
missing_contact_mode_shift,uncertainty_bloat_audit_v4,robust_utility,0.18577,0.07440,0.11137,0.26017,10
missing_contact_mode_shift,oracle_mechanics_repair,task_success,-0.13073,0.04073,-0.17146,-0.09000,10
missing_contact_mode_shift,oracle_mechanics_repair,hidden_mechanism_f1,-0.14174,0.02796,-0.16970,-0.11378,10
missing_contact_mode_shift,oracle_mechanics_repair,unsafe_action,0.04687,0.01574,0.03113,0.06261,10
missing_contact_mode_shift,oracle_mechanics_repair,false_abstention,0.04010,0.00926,0.03084,0.04937,10
missing_contact_mode_shift,oracle_mechanics_repair,bloat_index,0.21977,0.00556,0.21421,0.22532,10
missing_contact_mode_shift,oracle_mechanics_repair,oracle_regret,0.04619,0.00621,0.03997,0.05240,10
missing_contact_mode_shift,oracle_mechanics_repair,robust_utility,-0.28371,0.05856,-0.34226,-0.22515,10
missing_contact_mode_shift,oracle_full_state_policy,task_success,-0.13750,0.03331,-0.17081,-0.10419,10
missing_contact_mode_shift,oracle_full_state_policy,hidden_mechanism_f1,-0.17825,0.02280,-0.20105,-0.15545,10
missing_contact_mode_shift,oracle_full_state_policy,unsafe_action,0.06667,0.01666,0.05001,0.08332,10
missing_contact_mode_shift,oracle_full_state_policy,false_abstention,0.03177,0.01447,0.01730,0.04624,10
missing_contact_mode_shift,oracle_full_state_policy,bloat_index,0.27068,0.00375,0.26692,0.27443,10
missing_contact_mode_shift,oracle_full_state_policy,oracle_regret,0.04953,0.00935,0.04018,0.05888,10
missing_contact_mode_shift,oracle_full_state_policy,robust_utility,-0.32767,0.05540,-0.38307,-0.27228,10
nominal_noise,mean_world_model_mpc,task_success,0.05677,0.02223,0.03454,0.07901,10
nominal_noise,mean_world_model_mpc,hidden_mechanism_f1,0.15830,0.03821,0.12009,0.19650,10
nominal_noise,mean_world_model_mpc,unsafe_action,-0.04844,0.01667,-0.06511,-0.03177,10
nominal_noise,mean_world_model_mpc,false_abstention,0.02500,0.00727,0.01773,0.03227,10
nominal_noise,mean_world_model_mpc,bloat_index,0.05803,0.00254,0.05549,0.06058,10
nominal_noise,mean_world_model_mpc,oracle_regret,-0.01450,0.00549,-0.01999,-0.00901,10
nominal_noise,mean_world_model_mpc,robust_utility,0.08251,0.04353,0.03898,0.12603,10
nominal_noise,ensemble_variance_gate,task_success,0.19167,0.03195,0.15972,0.22362,10
nominal_noise,ensemble_variance_gate,hidden_mechanism_f1,0.01825,0.05755,-0.03929,0.07580,10
nominal_noise,ensemble_variance_gate,unsafe_action,-0.00000,0.01054,-0.01055,0.01054,10
nominal_noise,ensemble_variance_gate,false_abstention,-0.19323,0.01829,-0.21152,-0.17494,10
nominal_noise,ensemble_variance_gate,bloat_index,-0.23534,0.00371,-0.23905,-0.23162,10
nominal_noise,ensemble_variance_gate,oracle_regret,-0.13359,0.01095,-0.14453,-0.12264,10
nominal_noise,ensemble_variance_gate,robust_utility,0.39804,0.04733,0.35072,0.44537,10
nominal_noise,mc_dropout_uncertainty,task_success,0.17292,0.02867,0.14425,0.20158,10
nominal_noise,mc_dropout_uncertainty,hidden_mechanism_f1,0.02741,0.03271,-0.00529,0.06012,10
nominal_noise,mc_dropout_uncertainty,unsafe_action,-0.00938,0.01041,-0.01979,0.00104,10
nominal_noise,mc_dropout_uncertainty,false_abstention,-0.14531,0.02264,-0.16796,-0.12267,10
nominal_noise,mc_dropout_uncertainty,bloat_index,-0.32167,0.00469,-0.32636,-0.31698,10
nominal_noise,mc_dropout_uncertainty,oracle_regret,-0.11233,0.01342,-0.12575,-0.09891,10
nominal_noise,mc_dropout_uncertainty,robust_utility,0.38315,0.03953,0.34362,0.42268,10
nominal_noise,conformal_risk_gate,task_success,0.28386,0.03703,0.24682,0.32089,10
nominal_noise,conformal_risk_gate,hidden_mechanism_f1,0.08264,0.07396,0.00868,0.15660,10
nominal_noise,conformal_risk_gate,unsafe_action,0.06041,0.01229,0.04813,0.07270,10
nominal_noise,conformal_risk_gate,false_abstention,-0.37083,0.01638,-0.38721,-0.35446,10
nominal_noise,conformal_risk_gate,bloat_index,-0.39230,0.00426,-0.39656,-0.38804,10
nominal_noise,conformal_risk_gate,oracle_regret,-0.22855,0.01072,-0.23926,-0.21783,10
nominal_noise,conformal_risk_gate,robust_utility,0.58503,0.05437,0.53065,0.63940,10
nominal_noise,epistemic_ensemble_planner,task_success,0.07031,0.03101,0.03930,0.10132,10
nominal_noise,epistemic_ensemble_planner,hidden_mechanism_f1,0.00150,0.02283,-0.02133,0.02433,10
nominal_noise,epistemic_ensemble_planner,unsafe_action,-0.00469,0.01704,-0.02173,0.01236,10
nominal_noise,epistemic_ensemble_planner,false_abstention,-0.06354,0.01799,-0.08154,-0.04555,10
nominal_noise,epistemic_ensemble_planner,bloat_index,-0.16286,0.00385,-0.16671,-0.15901,10
nominal_noise,epistemic_ensemble_planner,oracle_regret,-0.04519,0.01074,-0.05593,-0.03445,10
nominal_noise,epistemic_ensemble_planner,robust_utility,0.16317,0.05232,0.11085,0.21549,10
nominal_noise,active_probe_then_plan,task_success,-0.00677,0.03207,-0.03884,0.02529,10
nominal_noise,active_probe_then_plan,hidden_mechanism_f1,-0.00837,0.03392,-0.04228,0.02555,10
nominal_noise,active_probe_then_plan,unsafe_action,-0.03125,0.02036,-0.05161,-0.01089,10
nominal_noise,active_probe_then_plan,false_abstention,0.02239,0.00926,0.01313,0.03166,10
nominal_noise,active_probe_then_plan,bloat_index,0.02080,0.00326,0.01754,0.02406,10
nominal_noise,active_probe_then_plan,oracle_regret,0.00795,0.00624,0.00171,0.01418,10
nominal_noise,active_probe_then_plan,robust_utility,0.01586,0.05362,-0.03776,0.06948,10
nominal_noise,robust_mpc_fallback,task_success,-0.08906,0.02418,-0.11324,-0.06489,10
nominal_noise,robust_mpc_fallback,hidden_mechanism_f1,0.09153,0.04417,0.04736,0.13570,10
nominal_noise,robust_mpc_fallback,unsafe_action,0.06771,0.01043,0.05727,0.07814,10
nominal_noise,robust_mpc_fallback,false_abstention,0.01927,0.00862,0.01065,0.02789,10
nominal_noise,robust_mpc_fallback,bloat_index,-0.13296,0.00285,-0.13581,-0.13011,10
nominal_noise,robust_mpc_fallback,oracle_regret,0.01990,0.00522,0.01468,0.02512,10
nominal_noise,robust_mpc_fallback,robust_utility,-0.16488,0.03385,-0.19873,-0.13103,10
nominal_noise,residual_dynamics_repair,task_success,-0.00729,0.03349,-0.04078,0.02619,10
nominal_noise,residual_dynamics_repair,hidden_mechanism_f1,-0.01486,0.04071,-0.05556,0.02585,10
nominal_noise,residual_dynamics_repair,unsafe_action,-0.01250,0.01437,-0.02688,0.00187,10
nominal_noise,residual_dynamics_repair,false_abstention,0.00208,0.01380,-0.01171,0.01588,10
nominal_noise,residual_dynamics_repair,bloat_index,-0.05425,0.00314,-0.05739,-0.05112,10
nominal_noise,residual_dynamics_repair,oracle_regret,-0.00317,0.00855,-0.01172,0.00539,10
nominal_noise,residual_dynamics_repair,robust_utility,0.02092,0.04876,-0.02784,0.06967,10
nominal_noise,bayesian_model_expansion,task_success,0.02135,0.02711,-0.00576,0.04847,10
nominal_noise,bayesian_model_expansion,hidden_mechanism_f1,0.00289,0.04999,-0.04710,0.05288,10
nominal_noise,bayesian_model_expansion,unsafe_action,0.00156,0.01514,-0.01358,0.01671,10
nominal_noise,bayesian_model_expansion,false_abstention,-0.02552,0.01677,-0.04229,-0.00875,10
nominal_noise,bayesian_model_expansion,bloat_index,-0.07570,0.00431,-0.08001,-0.07140,10
nominal_noise,bayesian_model_expansion,oracle_regret,-0.01677,0.01003,-0.02680,-0.00674,10
nominal_noise,bayesian_model_expansion,robust_utility,0.05674,0.04743,0.00931,0.10417,10
nominal_noise,uncertainty_bloat_audit_v4,task_success,0.04531,0.02459,0.02072,0.06990,10
nominal_noise,uncertainty_bloat_audit_v4,hidden_mechanism_f1,-0.01918,0.03029,-0.04947,0.01111,10
nominal_noise,uncertainty_bloat_audit_v4,unsafe_action,-0.03698,0.01259,-0.04957,-0.02439,10
nominal_noise,uncertainty_bloat_audit_v4,false_abstention,0.00625,0.01580,-0.00955,0.02205,10
nominal_noise,uncertainty_bloat_audit_v4,bloat_index,-0.15584,0.00346,-0.15931,-0.15238,10
nominal_noise,uncertainty_bloat_audit_v4,oracle_regret,-0.01020,0.00867,-0.01887,-0.00154,10
nominal_noise,uncertainty_bloat_audit_v4,robust_utility,0.12978,0.03145,0.09833,0.16123,10
nominal_noise,oracle_mechanics_repair,task_success,-0.04635,0.01829,-0.06464,-0.02807,10
nominal_noise,oracle_mechanics_repair,hidden_mechanism_f1,-0.02707,0.02159,-0.04866,-0.00549,10
nominal_noise,oracle_mechanics_repair,unsafe_action,-0.01146,0.01434,-0.02580,0.00288,10
nominal_noise,oracle_mechanics_repair,false_abstention,0.03229,0.00898,0.02331,0.04127,10
nominal_noise,oracle_mechanics_repair,bloat_index,0.17562,0.00296,0.17266,0.17858,10
nominal_noise,oracle_mechanics_repair,oracle_regret,0.02037,0.00434,0.01603,0.02471,10
nominal_noise,oracle_mechanics_repair,robust_utility,-0.09760,0.02859,-0.12619,-0.06900,10
nominal_noise,oracle_full_state_policy,task_success,-0.05521,0.02459,-0.07980,-0.03061,10
nominal_noise,oracle_full_state_policy,hidden_mechanism_f1,-0.03290,0.02390,-0.05679,-0.00900,10
nominal_noise,oracle_full_state_policy,unsafe_action,0.00989,0.00783,0.00207,0.01772,10
nominal_noise,oracle_full_state_policy,false_abstention,0.03125,0.01236,0.01889,0.04361,10
nominal_noise,oracle_full_state_policy,bloat_index,0.22509,0.00292,0.22218,0.22801,10
nominal_noise,oracle_full_state_policy,oracle_regret,0.02237,0.00683,0.01554,0.02920,10
nominal_noise,oracle_full_state_policy,robust_utility,-0.14800,0.02763,-0.17563,-0.12037,10
sensor_dropout_ambiguity,mean_world_model_mpc,task_success,0.06250,0.02982,0.03268,0.09232,10
sensor_dropout_ambiguity,mean_world_model_mpc,hidden_mechanism_f1,0.42417,0.03345,0.39072,0.45762,10
sensor_dropout_ambiguity,mean_world_model_mpc,unsafe_action,-0.04010,0.01632,-0.05643,-0.02378,10
sensor_dropout_ambiguity,mean_world_model_mpc,false_abstention,0.00885,0.01742,-0.00857,0.02627,10
sensor_dropout_ambiguity,mean_world_model_mpc,bloat_index,0.03307,0.00510,0.02796,0.03817,10
sensor_dropout_ambiguity,mean_world_model_mpc,oracle_regret,-0.03511,0.00917,-0.04428,-0.02594,10
sensor_dropout_ambiguity,mean_world_model_mpc,robust_utility,0.10208,0.04594,0.05614,0.14802,10
sensor_dropout_ambiguity,ensemble_variance_gate,task_success,0.13646,0.03028,0.10618,0.16673,10
sensor_dropout_ambiguity,ensemble_variance_gate,hidden_mechanism_f1,0.13809,0.04370,0.09439,0.18179,10
sensor_dropout_ambiguity,ensemble_variance_gate,unsafe_action,0.02083,0.01179,0.00905,0.03262,10
sensor_dropout_ambiguity,ensemble_variance_gate,false_abstention,-0.17552,0.01715,-0.19267,-0.15837,10
sensor_dropout_ambiguity,ensemble_variance_gate,bloat_index,-0.24913,0.00399,-0.25313,-0.24514,10
sensor_dropout_ambiguity,ensemble_variance_gate,oracle_regret,-0.13546,0.00884,-0.14430,-0.12661,10
sensor_dropout_ambiguity,ensemble_variance_gate,robust_utility,0.31304,0.03549,0.27755,0.34852,10
sensor_dropout_ambiguity,mc_dropout_uncertainty,task_success,0.16042,0.03915,0.12127,0.19956,10
sensor_dropout_ambiguity,mc_dropout_uncertainty,hidden_mechanism_f1,0.16227,0.04159,0.12068,0.20386,10
sensor_dropout_ambiguity,mc_dropout_uncertainty,unsafe_action,0.01823,0.02003,-0.00180,0.03826,10
sensor_dropout_ambiguity,mc_dropout_uncertainty,false_abstention,-0.17031,0.02098,-0.19129,-0.14934,10
sensor_dropout_ambiguity,mc_dropout_uncertainty,bloat_index,-0.33913,0.00489,-0.34402,-0.33424,10
sensor_dropout_ambiguity,mc_dropout_uncertainty,oracle_regret,-0.13926,0.01173,-0.15099,-0.12753,10
sensor_dropout_ambiguity,mc_dropout_uncertainty,robust_utility,0.36444,0.05480,0.30965,0.41924,10
sensor_dropout_ambiguity,conformal_risk_gate,task_success,0.26354,0.03200,0.23154,0.29554,10
sensor_dropout_ambiguity,conformal_risk_gate,hidden_mechanism_f1,0.25223,0.04978,0.20245,0.30202,10
sensor_dropout_ambiguity,conformal_risk_gate,unsafe_action,0.07292,0.00761,0.06531,0.08053,10
sensor_dropout_ambiguity,conformal_risk_gate,false_abstention,-0.37031,0.02754,-0.39785,-0.34278,10
sensor_dropout_ambiguity,conformal_risk_gate,bloat_index,-0.41201,0.00280,-0.41482,-0.40921,10
sensor_dropout_ambiguity,conformal_risk_gate,oracle_regret,-0.24259,0.01561,-0.25820,-0.22698,10
sensor_dropout_ambiguity,conformal_risk_gate,robust_utility,0.56056,0.05200,0.50856,0.61257,10
sensor_dropout_ambiguity,epistemic_ensemble_planner,task_success,0.05521,0.02180,0.03341,0.07701,10
sensor_dropout_ambiguity,epistemic_ensemble_planner,hidden_mechanism_f1,0.08581,0.05494,0.03086,0.14075,10
sensor_dropout_ambiguity,epistemic_ensemble_planner,unsafe_action,0.01771,0.01067,0.00703,0.02838,10
sensor_dropout_ambiguity,epistemic_ensemble_planner,false_abstention,-0.05312,0.01289,-0.06602,-0.04023,10
sensor_dropout_ambiguity,epistemic_ensemble_planner,bloat_index,-0.17219,0.00530,-0.17748,-0.16689,10
sensor_dropout_ambiguity,epistemic_ensemble_planner,oracle_regret,-0.04862,0.00742,-0.05604,-0.04120,10
sensor_dropout_ambiguity,epistemic_ensemble_planner,robust_utility,0.11915,0.03543,0.08372,0.15458,10
sensor_dropout_ambiguity,active_probe_then_plan,task_success,-0.01146,0.02969,-0.04115,0.01824,10
sensor_dropout_ambiguity,active_probe_then_plan,hidden_mechanism_f1,-0.02475,0.03724,-0.06198,0.01249,10
sensor_dropout_ambiguity,active_probe_then_plan,unsafe_action,-0.02917,0.01320,-0.04236,-0.01597,10
sensor_dropout_ambiguity,active_probe_then_plan,false_abstention,0.02448,0.01460,0.00988,0.03908,10
sensor_dropout_ambiguity,active_probe_then_plan,bloat_index,0.02265,0.00463,0.01802,0.02727,10
sensor_dropout_ambiguity,active_probe_then_plan,oracle_regret,0.00912,0.00763,0.00149,0.01676,10
sensor_dropout_ambiguity,active_probe_then_plan,robust_utility,0.00645,0.04148,-0.03503,0.04793,10
sensor_dropout_ambiguity,robust_mpc_fallback,task_success,-0.07708,0.04219,-0.11928,-0.03489,10
sensor_dropout_ambiguity,robust_mpc_fallback,hidden_mechanism_f1,0.39859,0.03745,0.36114,0.43605,10
sensor_dropout_ambiguity,robust_mpc_fallback,unsafe_action,0.08385,0.01133,0.07252,0.09519,10
sensor_dropout_ambiguity,robust_mpc_fallback,false_abstention,0.01406,0.01378,0.00028,0.02785,10
sensor_dropout_ambiguity,robust_mpc_fallback,bloat_index,-0.15625,0.00391,-0.16015,-0.15234,10
sensor_dropout_ambiguity,robust_mpc_fallback,oracle_regret,0.02006,0.00766,0.01240,0.02772,10
sensor_dropout_ambiguity,robust_mpc_fallback,robust_utility,-0.16403,0.05429,-0.21832,-0.10974,10
sensor_dropout_ambiguity,residual_dynamics_repair,task_success,0.02135,0.02016,0.00120,0.04151,10
sensor_dropout_ambiguity,residual_dynamics_repair,hidden_mechanism_f1,0.07955,0.03820,0.04134,0.11775,10
sensor_dropout_ambiguity,residual_dynamics_repair,unsafe_action,-0.00625,0.01912,-0.02537,0.01287,10
sensor_dropout_ambiguity,residual_dynamics_repair,false_abstention,-0.00573,0.01268,-0.01841,0.00695,10
sensor_dropout_ambiguity,residual_dynamics_repair,bloat_index,-0.06288,0.00299,-0.06587,-0.05989,10
sensor_dropout_ambiguity,residual_dynamics_repair,oracle_regret,-0.01156,0.00639,-0.01794,-0.00517,10
sensor_dropout_ambiguity,residual_dynamics_repair,robust_utility,0.05122,0.03447,0.01674,0.08569,10
sensor_dropout_ambiguity,bayesian_model_expansion,task_success,0.01354,0.04398,-0.03044,0.05752,10
sensor_dropout_ambiguity,bayesian_model_expansion,hidden_mechanism_f1,-0.01274,0.03240,-0.04514,0.01967,10
sensor_dropout_ambiguity,bayesian_model_expansion,unsafe_action,0.00417,0.02135,-0.01718,0.02551,10
sensor_dropout_ambiguity,bayesian_model_expansion,false_abstention,-0.04375,0.01531,-0.05906,-0.02844,10
sensor_dropout_ambiguity,bayesian_model_expansion,bloat_index,-0.07658,0.00434,-0.08092,-0.07224,10
sensor_dropout_ambiguity,bayesian_model_expansion,oracle_regret,-0.03095,0.00840,-0.03935,-0.02255,10
sensor_dropout_ambiguity,bayesian_model_expansion,robust_utility,0.06071,0.06677,-0.00605,0.12748,10
sensor_dropout_ambiguity,uncertainty_bloat_audit_v4,task_success,0.04844,0.03306,0.01538,0.08150,10
sensor_dropout_ambiguity,uncertainty_bloat_audit_v4,hidden_mechanism_f1,0.10964,0.04005,0.06959,0.14969,10
sensor_dropout_ambiguity,uncertainty_bloat_audit_v4,unsafe_action,-0.03229,0.02183,-0.05412,-0.01046,10
sensor_dropout_ambiguity,uncertainty_bloat_audit_v4,false_abstention,0.00156,0.01695,-0.01539,0.01851,10
sensor_dropout_ambiguity,uncertainty_bloat_audit_v4,bloat_index,-0.16811,0.00465,-0.17276,-0.16346,10
sensor_dropout_ambiguity,uncertainty_bloat_audit_v4,oracle_regret,-0.02393,0.00914,-0.03307,-0.01480,10
sensor_dropout_ambiguity,uncertainty_bloat_audit_v4,robust_utility,0.13870,0.04960,0.08910,0.18830,10
sensor_dropout_ambiguity,oracle_mechanics_repair,task_success,-0.08281,0.03561,-0.11842,-0.04721,10
sensor_dropout_ambiguity,oracle_mechanics_repair,hidden_mechanism_f1,-0.10536,0.01727,-0.12263,-0.08809,10
sensor_dropout_ambiguity,oracle_mechanics_repair,unsafe_action,0.02448,0.01507,0.00941,0.03955,10
sensor_dropout_ambiguity,oracle_mechanics_repair,false_abstention,0.02500,0.02085,0.00415,0.04585,10
sensor_dropout_ambiguity,oracle_mechanics_repair,bloat_index,0.19907,0.00223,0.19684,0.20130,10
sensor_dropout_ambiguity,oracle_mechanics_repair,oracle_regret,0.02657,0.01042,0.01614,0.03699,10
sensor_dropout_ambiguity,oracle_mechanics_repair,robust_utility,-0.18587,0.04161,-0.22748,-0.14427,10
sensor_dropout_ambiguity,oracle_full_state_policy,task_success,-0.11458,0.02982,-0.14440,-0.08476,10
sensor_dropout_ambiguity,oracle_full_state_policy,hidden_mechanism_f1,-0.12497,0.01875,-0.14372,-0.10622,10
sensor_dropout_ambiguity,oracle_full_state_policy,unsafe_action,0.05417,0.01257,0.04160,0.06673,10
sensor_dropout_ambiguity,oracle_full_state_policy,false_abstention,0.01562,0.02042,-0.00479,0.03604,10
sensor_dropout_ambiguity,oracle_full_state_policy,bloat_index,0.25341,0.00202,0.25139,0.25544,10
sensor_dropout_ambiguity,oracle_full_state_policy,oracle_regret,0.02942,0.01139,0.01803,0.04081,10
sensor_dropout_ambiguity,oracle_full_state_policy,robust_utility,-0.26659,0.04336,-0.30995,-0.22322,10
